Unnamed: 0,image_filename,line_text,type
21912,hand_51_line_11.png,መጺአ  እድሉን  እየተጠባበቀ  ነው።,handwritten
20456,hand_54_line_12.png,ሚችል  መግለጽ  እንችል  ይሆናል።,handwritten
10505,hand_67_line_10.png,ይኼ  ለእኔ  ቦነስ ነው።,handwritten
32335,hand_133_line_8.png,ዕዳ ከከፈለ  ፣ ካዳነ  ፣ ከተቤዠ  ፣ ሕይወቱን  ለሰዎች  ሁሉ ከሰጠ  ከዚያም  ሰዎች  ሁሉ መዳን  አለባቸው  በማለት  ያምናሉ።,handwritten
2812,hand_143_line_9.png,አባቶቻችን  ወርዶ  ጽናትን  ፣ ኃይልን  ፣ ብርታትን  ያ ናጸፈበት  ቀን ስለሆነ  ነው።,handwritten
13649,hand_153_line_6.png,በማድረስ ተከፍቷል።,handwritten
12916,hand_201_line_12.png,ኬኒ ዳግሊሽ  በፕሪሚየር  ሊጉ የአሰልጣኞች  ስኬት  ስድስተኛ  ደረጃ  ላይ ተቀምጠዋል።,handwritten
23139,hand_229_line_13.png,ትተውልን  የሄዱትን  ዕቅድ  ፣ ስትራቴጂ  ፣ ፖሊሲ  ፣ .።,handwritten
673,hand_230_line_10.png,ተነሱ።,handwritten
6595,hand_252_line_8.png,አጤ ዮሐንስ  እየተባሉ  ይጠሩ  የነበሩት  ሰማዕት  ከሞቱ  125,handwritten
6596,hand_252_line_9.png,ዓመት  ሆናቸው።,handwritten
24245,hand_263_line_8.png,ርኅራኄ  እንዳልሆነ  ተመልክቷል።  ሆኖም  ስሜቴን  መግለጼ  የድክመት  ምልክት  እንዳልሆነ  ተገነዘብኩ።,handwritten
8995,hand_266_line_9.png,ልታግባባው  ሞከረች  ፤ አልሆን  ሲላትም  ጺሙን  አስነጭታ  ፤ ጥርሱ  እስኪረግፍ  አስደበደበችው።,handwritten
18726,hand_274_line_11.png,በእርሱም  በኩል  ስለነበር  ይህ ራሱ የሰይጣን  የጥላቻ  ዒላማ  እንደሚያደርገው  የታወቀ  ነው።,handwritten
22762,hand_276_line_8.png,ቅሰው  ነበር።,handwritten
14019,hand_287_line_7.png,አሉ።,handwritten
4464,hand_289_line_7.png,ኢትዮጵያዊት  ሴት ለመርዳት  የወሰደው  አርምጃ  ትንሿ  ጅቡቲ  በ ዲፕሎማሲ,handwritten
4465,hand_289_line_8.png,ተልኮዋ  ከምትሰራው  ሥራ  ያነሰ ነው ሲሉ ብዙዎች  ይተቻሉ።,handwritten
18229,hand_356_line_3.png,ጭውውት  እንዲህ  ይዤላችሁ  ቀርቤያለሁ።,handwritten
32391,hand_413_line_10.png,ይላል።,handwritten
28403,hand_440_line_8.png,ብሎአል።,handwritten
9258,hand_453_line_12.png,በመንግሥት  ላይ አመጹ።,handwritten
34805,hand_524_line_11.png,ወጣ  ፤ .።,handwritten
15304,hand_574_line_8.png,ማስተላለፊያ  መስመር  በመገባደጃ  ምእራፍ  ላይ ይገኛል።,handwritten
13435,hand_575_line_11.png,ክርስቲያን  ሴቶች  መካከል  የወንጌላዊው  ፊልጶስ  አራት  ሴቶች  ልጆች  ይገኙበታል።,handwritten
5998,hand_600_line_7.png,ነገር የማይፈጥር  ቢረግጡት  እንቦጭ  ዓይነት  ይሆናል።  እንዲያውም  ልጇን  የምትወድ  እናት  የልጇን  ሥቃይ,handwritten
5999,hand_600_line_8.png,ለማስታገሥ  የምትችለውን  ሁሉ ታደርጋለች።,handwritten
10423,hand_642_line_11.png,እንዳገለግል  ተጋበዝኩ።  ሰሞኑን  በኃይሌ   ገ / ሥላሤ  ላይ - ሲያቀብጠኝ,handwritten
10054,hand_647_line_8.png,በዚሁ  መጽሐፋቸው  ይነግሩናል።,handwritten
11072,hand_653_line_9.png,የሚበሉት  አንድ  እንስሳ  ያለበትን  ቦታና  የሚያደርገውን  እንቅስቃሴ  ለይተው  እንዲያውቁ  ያስችላቸዋል።,handwritten
28384,hand_666_line_10.png,አዲሲቷ  ኢትዮጵያ  ተብሎ  ካልተመፃደቅን  በቀር  ሠፊና  ድንቅ  ሆነ ተወራራሽ  ባህል,handwritten
28385,hand_666_line_11.png,አብረን  የሠራነው  ታሪክ  ያለንአ  ንድ ህዝብ  ነበርን።,handwritten
8640,hand_675_line_7.png,እናቱ  ድንግል  ማርያምን  በመለኮታዊ  ስልጣኑ  ከሙታን  ለይቶ  ማስነሣቱን  ሲያስረዳን  ነው።,handwritten
11707,hand_688_line_11.png,አቋቋሙ።,handwritten
11045,hand_709_line_10.png,ይሄንን  ነው የፑቲን  ሀበሻነት  እና የመለስ  ሩሲያዊነት  ተነጣጥሎ  ሊታይ  አይችልም  የምለው።,handwritten
10832,hand_710_line_9.png,ጸሃፊ  የሆኑት  አቡጇን  ህዝቅኤል  ለኢሳት  ሬዲዮ  ፕሮግራም  በሰጡት  አጭር  ቃለ መጠይቅ  አረጋግጠዋል።,handwritten
9736,hand_711_line_11.png,ተጠባባቂ  የጦር  ኃይል  እንዲያቋቁሙ  የሚያስችል  የስምምነት  ሰነድ  አዘጋጅቶ  አቀረበ።,handwritten
9026,hand_712_line_11.png,ካፑም  ተፋጠዋል።,handwritten
7854,hand_713_line_11.png,ደግሞ  አጠራጣሪ  ( ዞንይ  ) ነው።,handwritten
8797,hand_746_line_10.png,መልአክ  በሚፈሩት  ሰዎች  ዙሪያ  ይሰፍራል  ፥ ያድናቸውማል።  ዦርዥ  እና ማኖን  በቀጠሮው,handwritten
8798,hand_746_line_11.png,ቀን ተመልሰው  ሲመጡ  በር የሚከፍትላቸው  ሰው  አጡ።,handwritten
225,hand_770_line_14.png,አለመሆኔን  ጠየቀኝ።,handwritten
23238,hand_785_line_8.png,ወደ ስታዲየም  እንዲመጣ  ከፍተኛ  ቅስቀሳ  ማድረግ።,handwritten
8711,hand_817_line_8.png,የሰዒድ  አባት  ሆይ !። እንግዲህ  እዚህ  ስንመጣ  ... መቼም  የመንግስት  ሆስፒታል  ብዙም,handwritten
8712,hand_817_line_9.png,አይጠይቅ  ብዬ ... አንዲት  ጥገት  ላሜን  ሸጬ  ነበር የመጣሁት።,handwritten
11090,hand_827_line_3.png,ስምምነት  ተደርጎ  ነበር።,handwritten
11099,hand_844_line_2.png,ሁለተኛ  ልጇን  ከወለደች  በኋላ  ወደ ኢትዮጵያ  ተመልሳ  እናቷን  ሀገሯን  የማየት,handwritten
11100,hand_844_line_3.png,ሕልም  እንደነበራት  ተናግረዋል።,handwritten
21249,hand_900_line_12.png,ይታይ  ነበር።,handwritten
23159,hand_904_line_13.png,ይናገራሉ።,handwritten
22000,hand_915_line_11.png,ተላትመው  ፣ ለራስዎ  የተሳሳተ  ትልቅ  ግምት  ሰጥተው  ኋላ ላይ መበለሻሸት  እንዳይመጣ  ፤,handwritten
2796,hand_957_line_12.png,የሽግግር ም / ቤቱ ለሚያደርጋቸዉ እንቅስቃሴዎች የሚያስፈልገዉን ከተለያዩ ምንጬች የሚገኙ ገንዘዘብና ቁሳቁስ ለማሰባሰብ የሚረ,handwritten
28164,hand_999_line_8.png,ክብርና  አማላጅነት  ነው።  የተሻሻለው  የጡረታ  አዋጅ  የኮንትራት  ተቀጣሪዎችን  መብት  የሚያስጠብቅ,handwritten
28165,hand_999_line_9.png,መሆኑን  የተናገሩት  አቶ ዳባ በመንግስት  መስሪያቤቶች  ውስጥ  አስር  ዓመት  ሳይሞላቸው  የሚለቁ  ሰራተኞች,handwritten
10645,hand_1020_line_7.png,ዘጠነኛው  ነው።,handwritten
19322,hand_1028_line_7.png,አደርጉ።,handwritten
30741,hand_1038_line_8.png,ነበረች።,handwritten
13071,hand_1071_line_10.png,ባልሽ  የት ነው ?።,handwritten
27786,hand_1074_line_11.png,በ 1950 እስከ  ሞተችበት  ዕለት  ድረስ  ለ 15 ዓመታት  ሥራዋ  ይኼው  ነበር።,handwritten
2097,hand_1147_line_10.png,ገብተዋል።,handwritten
24490,hand_1152_line_6.png,አምባሳደር  ኦጋስቲን  ማሂጋ  ጋር ነው።,handwritten
21904,hand_1176_line_5.png,ስማቸውም  ብፁዕ  አባ ጳውሎስ  ተብሎ  ተሰየመ።,handwritten
25416,hand_1207_line_10.png,313 .።,handwritten
19843,hand_1231_line_13.png,የጠቅላይ  ሚኒስትሩ  የየዘርፎቹ  አማካሪዎች  መሆን  አይችሉም  ነበርን  ?።,handwritten
17072,hand_1235_line_13.png,ደሳለኝ  ፡ - ይኼ  እንደሚሆን  ጠብቀን  ነበር።,handwritten
7748,hand_1246_line_3.png,እንዳለው  የሚጠቁም  ነው።,handwritten
10626,hand_1253_line_12.png,ኃላፊዎች  ፣ የአዛዦች  ካውንስል  አባላት  ናቸው።,handwritten
23084,hand_1295_line_8.png,መርከበኞች  ብራቮ  !። ቀድሞ  የተነገረ  ወንጌላዊ  ቃለ ግሣጼ  ነው።,handwritten
25534,hand_1299_line_13.png,ነው።,handwritten
33423,hand_1340_line_6.png,ብዙዎቹ  ናቸው።,handwritten
32538,hand_1342_line_6.png,አልቀረም።  ይኼኔ  ነው የምፈልገውን  ያገኘሁት።  እና በዚህ  6 ዓመት  የሰንበት  ት / ቤት ቆይታዬ  አሁን  ሆኜ ስመዝነው,handwritten
32539,hand_1342_line_7.png,ያሳለፍኩትን  ሁኔታ  ጠቅለል  አድርጌ  ለመግለጽ  እንደሞከርኩት  ቀላል  አይደለም  ብዙ ፈተናዎችን  አልፈናል  ብዙ,handwritten
32540,hand_1342_line_8.png,ሥራዎችንም  ለመሥራት  ችለናል።,handwritten
8171,hand_1345_line_8.png,ከፍ ባለ ዙፋን  ላይ ነበር ጌታችን  ሰው  ሆኖ ሥጋን  ሲዋኻድም  ከፍጥረታት  ሁሉ ከፍ ያለውን  አማናዊ  ዙፋን,handwritten
8172,hand_1345_line_9.png,እርሱም  የእመቤታችንን  ማኅጸን  ነበረ የመረጠው።,handwritten
20948,hand_1376_line_7.png,ይመስለኛል።,handwritten
30458,hand_1400_line_11.png,ወጥተዋል።,handwritten
29635,hand_1404_line_6.png,ነው።,handwritten
147,hand_1409_line_4.png,የሥርዓታቸውም  መጽሐፍ  ከዐረብ  ቋንቋ  ለኢትዮጵያ  ሰዎች  በግዕዝ  ቋንቋ  ተተረጎመች  ቆስጠንጢኖስ  የተባለ  ንጉሳችን,handwritten
148,hand_1409_line_5.png,"በዘርዐ  ያዕቆብ  ዘመን  በነገሠም  በሰባት  ዓመት  የሥርዓታቸውም  መጽሐፍ እንዲህ  ይላል  "" የሚለው  ነው።",handwritten
3729,hand_1423_line_11.png,ቅባት  ክርክሮች  ወቅት  በዐማራና  በትግራይ  ሊቃውንትም  ዘንድ  የደረሰ,handwritten
6875,hand_1428_line_11.png,ወደ አልሆነችው  ከፍተኛዪቱ  ወደምትበልጠውና  ወደምትሻለው  ድንኳን,handwritten
6956,hand_1429_line_11.png,የሚቃኙበት  አጭሩ  አቋራጭ  መንገዳቸው  እንደሆነ  ይፋ ነው ይህው  ባለፉት,handwritten
2406,hand_1432_line_5.png,መንግስታት  ተደርገው የነበሩ  ምርጫዎች  የአጼውን  ፣ የደርጉንና  የኢህአዴግን የአገዛዝ  ስርዓቶች  የስልጣን,handwritten
2407,hand_1432_line_6.png,ዘመን  ለማራዛም  የተደረጉ  ( ) ምርጫዎች  እንጂ  አንዳቸውም የዴሞክራሲዊ ምርጫ  ባህሪያትን,handwritten
2408,hand_1432_line_7.png,የተላበሱ  አይደሉም።,handwritten
1584,hand_1437_line_9.png,የበኩሏን  እንደምትወጣ  ገልፀዋል።,handwritten
31852,hand_1446_line_5.png,ኤርትራ  በአዲስ  መልክ  ይዋሃዳሉ።,handwritten
3499,hand_1451_line_9.png,በሕዝቡ  እጅ ውስጥ  ያለ ነው።,handwritten
6578,hand_1456_line_9.png,የጨካኝ  አጼዎችን  ግፍ ለመደበቅ  ህዝቦችን  በዚህም  ሊያምታቱ  ይፈልጋሉ።,handwritten
32574,hand_1460_line_9.png,ጠቁመው  በዚህ  ምክንያት  ሁሉም  የቴክኖሎጂ  ግሩፑ  ኩባንያ  ሠራተኞች  በዓውደ  ጥናቱ  ላይ,handwritten
32575,hand_1460_line_10.png,ሊሳተፉ  መቻላቸውን  ገልፀዋል።  መዋዠቅ  የገበያ  ባህሪ  ነው።,handwritten
24043,hand_1514_line_8.png,አስፈላጊ  ነው።,handwritten
21070,hand_1529_line_7.png,ከካሊፎርንያ።,handwritten
4647,hand_1551_line_9.png,እኔ አዝዤሃለሁ።,handwritten
5672,hand_1557_line_9.png,የኔ ቆንጆ።,handwritten
18242,hand_1588_line_13.png,ተብዬም  ተመርጬ  ነበር በሊቀ  ስልጣናትነት።,handwritten
12320,hand_1654_line_9.png,ምንኩስና ፣ ቆሞስ ፣ ጳጳስ ፣ ኤጲስቆጶስ ፣ ከዚያም ፓትርያርክ ይሆናል።,handwritten
18090,hand_1681_line_7.png,ሲሆን  ትንሿ  ሉሲል  እንኳ  ወህኒ  ቤት ሁለት  ቀን ቆይታለች።  እኔ ብያለሁም  ያውም  ድምጼን,handwritten
18091,hand_1681_line_8.png,ከፍ አድርጌ  ፣ በደስታ  ሰክሬ  ጮኬያለሁ።,handwritten
18019,hand_1685_line_11.png,ድረስ  የፖሊስን  ምላሽ  በመጠባበቅ  ላይ መሆኗን  ለሪፖርተር  ተናግራለች።,handwritten
9233,hand_1737_line_8.png,መምህራን  ጋር ባደረጉት  ውይይት  ነው።,handwritten
12341,hand_1763_line_11.png,ክንውን  አጠቃላይ  ሪፖርት  ቀርቦ  ጉባኤው  በጥሙና  ተከታትሎታል።,handwritten
12299,hand_1766_line_10.png,ወይስ  ተረት  ?። ይኼ  ትክክለኛ  ነው ብዬ አላምንም።,handwritten
11576,hand_1769_line_5.png,የሚከተለውን  ምክር  ትለግሳለች  : - ጥረት  ማድረጋችሁን  አታቋርጡ።  ይኼ  የአንድ  ፖለቲካ,handwritten
11577,hand_1769_line_6.png,ፓርቲ  ወይም  የአንድ  ሲቪል  ማኅበረሰብ  ሚና  አይመስለኝም።,handwritten
19521,hand_1771_line_7.png,እና ካዕባ  በመባል  የሚታወቀው  ግንብ  በነብዩ  ኢብራሂም  አብርሃም  እና ልጃቸው  ዒስማኤል  የተሰራ  ነው,handwritten
19522,hand_1771_line_8.png,ብለው  ሙስሊሞች  ያምናሉ,handwritten
25341,hand_1792_line_9.png,ላይ በተሰማሩ  ምሁራን  ጥናታዊ  ፅሁፎች  የቀረቡ  ሲሆን  የፌሎሺፑ  ራዕይ  የማካፈል,handwritten
25342,hand_1792_line_10.png,ስራም  በሰፊው  ተሰርቶአል።,handwritten
26115,hand_1799_line_11.png,17 / 2014 ።,handwritten
5200,hand_1806_line_5.png,ተገባሩ  እንደሆነ  ያስረዳሉ።,handwritten
21934,hand_1809_line_11.png,ጎዳው።,handwritten
12281,hand_1812_line_12.png,እንደያዙ ሿሚና ሻሪ ሆነው የሚካኤል ስሁልን ታሪክ የሚደግም ነው።,handwritten
12682,hand_1827_line_7.png,አስደምሞአል።  በረብሻው  ወቅት  ከየአቅጣጫው  በፖሊስ  እየተያዙ  የሚመጡ  ሰዎች  ትንሿ,handwritten
12683,hand_1827_line_8.png,ስታዲየም  ውስጥና  ፖስታ  ቤት አካባቢ  ባለው  ፓርክ  ውስጥ  ነበር ታስረው  እንዲቆዩ  የተደረገው።,handwritten
27976,hand_1836_line_12.png,ጊዜና  ሰዓት  ሰውነት  / ሥጋ / ከሚፈልጋቸው  ነገሮች  ሁሉ መከልከል  ፣ መወሰን ማለት  ነው።,handwritten
27376,hand_1843_line_10.png,ለሚነሳው  ክርክር  ጉልበት  የመስጠት  ያህል  ነው።,handwritten
21332,hand_1865_line_12.png,የዘመናዊውን  ቮሊቦል  ስፖርት  መሠረት  ያደረገ  ነው።,handwritten
25571,hand_1907_line_4.png,አነጋገረኝ  ብላለች።,handwritten
26690,hand_1917_line_4.png,የተባሉት  የ 24 ኛና 25 ኛ ክፍለጦርም  ቢሆኑ  የዘመቻ  መኮንኑና  የሎጀስቲክ  ሃላፊነት  ቦታዎች  ላይ ያሉት  እነርሱ  ናቸው።,handwritten
27625,hand_1919_line_9.png,ማለት  ነው ?።,handwritten
26573,hand_1920_line_7.png,ቆጶስ  ፣ ቆመስ  የሚባሉት  ጥቁር  ዘርፋፋ  ቀሚስ  ለባሾች  በቀኝ  እጃቸው  መስቀል  በግራ  እጃቸው  ሽጉጥ  መያዝ  ከጀመሩ  ሰነባበቱ።,handwritten
26574,hand_1920_line_8.png,ከዚህም  የተነሳ  የሞዓብ  ተዋጊዎች  ይጮኻሉ።,handwritten
23636,hand_1921_line_9.png,አገለግላለሁ።,handwritten
26972,hand_1922_line_8.png,ቤት ነኝ አዝዤ  ጠብቅሃለሁ  ቶሎ ና !። ተበደልኩ  ፣ ዕድገት  ተነፈኩ  ፣ ቦታ ተከለከልኩ  ያለ አንድ  ሠራተኛ  ከአዲሱ  ተሿሚ  ጋር ሳምንት,handwritten
26973,hand_1922_line_9.png,ባልሞላ  ጊዜ ውስጥ  ተወዳጀ።,handwritten
27745,hand_1949_line_3.png,ያጠናቀቀ  ማለፊያ  ጭንቅላት  የነበረው  ቆስጤ  ምን ሲያደርግ  የዩንቨርሲቲ  ደጃፍ  ረግጠው,handwritten
27746,hand_1949_line_4.png,ከማያውቁ  እነ አባዱላ  ገመዳ  ተርታ  የሚያስልፈው  ድርጊት  እንደ  ፈፀመ  ሳስበው,handwritten
27747,hand_1949_line_5.png,ይገርመኛል  ?።,handwritten
13285,hand_1954_line_12.png,ሁለቱ  ወጣት  ነገስታት  መጨረሻቸው  እንጂ  አጀማመራቸውስ  ተመሳሳይ  ነበር።  ውድ  የወያኔና  የሸአቢያ  ቅጥረኛ  ተስፋየ  ገ / አብ ምነው  ሰሞኑን,handwritten
13286,hand_1954_line_13.png,ደግሞ  በአጼ  ምኒሊክ  ላይ ዘመትክ  ?።,handwritten
34488,hand_1955_line_10.png,ነው።,handwritten
25574,hand_1991_line_4.png,መግባት  ይችላሉ።,handwritten
11283,hand_1995_line_9.png,በአንድ  ቢሮ ውስጥ  ከነበሩ  ሶስት  አምፑሎች  አንዱ  ብቻ ነበር የሚበራው።,handwritten
24191,hand_2000_line_8.png,ተለመነ።,handwritten
2605,hand_2005_line_12.png,በተለይም  በእነ አባ እንጦስና  በእነ አባ መቃርስ  በደንብ  የተገለጸ  ነው።,handwritten
14078,hand_2022_line_9.png,ይቀጣቀጣሉ።,handwritten
26599,hand_2051_line_8.png,ምናልባትም  ለወላጆችሽ  ፣ ለአስተማሪሽ  ወይም  ለትምህርት  ቤት ኃላፊዎች  እንዲህ  ማድረግ  ትችዪ,handwritten
26600,hand_2051_line_9.png,ይሆናል።,handwritten
17795,hand_2067_line_12.png,ጋዜጦችና  መጽሔቶች  ጽፈዋል።,handwritten
32609,hand_2085_line_10.png,ነው ያደመጥኳቸው።,handwritten
33543,hand_2089_line_6.png,ሥራ  አይደለም።,handwritten
25749,hand_2098_line_8.png,ዘር የአብርሃም ዘር እያለ ይጠራታል ነቢዩኢሳያስም እግዚአብሔር ያስቀራት ዘር ያላት እመቤትችንን,handwritten
25212,hand_2099_line_11.png,በቋንቋቸው  ምክንያት  የምጠላው  ?።,handwritten
25016,hand_2125_line_8.png,ግድ አላት።,handwritten
23950,hand_2183_line_9.png,6።,handwritten
32195,hand_2189_line_8.png,እንጠይቃለን  ብለዋል።  አሁን  በ 80 ዎቹ ዕድሜ  አጋማሽ  ላይ ሆኜ ሳስበው  እናቴ  ወደ ሕፃናት,handwritten
32196,hand_2189_line_9.png,ማሳደጊያው  ስለላከችን  አመስጋኝ  ነኝ። አንድ  መሆኔን  ብቻ ሳይሆን  መመልከት,handwritten
25769,hand_2193_line_12.png,ተመልካች  ሆኜ አገለግላለሁ።  አንድ  ቀን አኩርፌ  ተቀምጬ  አንድ  ደንበኛችን  አዩኝ።,handwritten
27385,hand_2197_line_10.png,ከፍተኛ  እንቅስቃሴዎችን  ሲያካሂድ  ቆይቷል።,handwritten
25318,hand_2284_line_7.png,ደግሞ  ጉዳት  ሳይደርስባቸዉ  ማምለጣቸዉን  ከክልሉ  ፖሊስ  ኮሚሽን  የተገኘዉ  መረጃ  እንደሚያመለክት,handwritten
26139,hand_2286_line_10.png,ቱሪዝም  ፣ በዱቄት  ፣ በችፑድ  ፣ በእስፖንጂና  ፎም  ፋብሪካ  ፣ በእንስሳት  መኖ  ማቀነባበሪያ  ፣,handwritten
26140,hand_2286_line_11.png,በደን  ልማትና  በሌሎች  የኢንቨስትመንት  ዘርፎች  ተሰማርተዋል።,handwritten
24515,hand_2291_line_3.png,ነው ?። ያም ቢሆን  የተሰጠኝን  መመሪያ  ለመታዘዝ  ቆርጬ  ነበር።,handwritten
25730,hand_2298_line_8.png,ያገኙታል።,handwritten
1058,hand_2307_line_8.png,ህብረ  - ትርኢት  ማሳየት  የጀመሩት  ?።,handwritten
2072,hand_2311_line_11.png,አለበት።,handwritten
17638,hand_2337_line_12.png,ያሰፈነ  ወይም  መሰረት  የጣለ  ድርጅት  ነው።,handwritten
11384,hand_2343_line_8.png,ያጥባሉ።,handwritten
2193,hand_2351_line_13.png,በኩል እንዲህ አይነት ነገር እንደማያደርጉ እንደማይሞክሩ በእርግጠኝነት ሊያረጋግጡልን ችለዋል።,handwritten
18545,hand_2365_line_4.png,እንደገዛ  ይገመታል።,handwritten
20831,hand_2372_line_8.png,እንደ  ረመጥ  ሆነብኝ  ፤ ዐፍኜ  መያዝ  አቃተኝ  በማለት  ተናገረ።,handwritten
6502,hand_2394_line_8.png,ይቅ  አድርጎኝ  ነበር።,handwritten
24920,hand_2398_line_12.png,ከንቱ  እያንበሸበሹት  ነው .።,handwritten
25350,hand_2403_line_8.png,በስማችሁ  የተላከ  ደብዳቤ  ብቻ በቂ ነው ፡።,handwritten
27154,hand_2406_line_10.png,ኢንዱስትሪዎች,handwritten
27155,hand_2406_line_11.png,ምርቶቻቸውን  ለወጭ  ገበያ  ለማቅረብ  በሚያስችላቸው  ፕሮግራም  ውስጥ  ዓለም  አቀፍ  የንግድ  ባለሙያ  ሆኜ አገልግያለሁ።,handwritten
24364,hand_2411_line_9.png,ስምምነት  ሞዛምቢክ  ማፑቶ  ላይ ተግባሪዊ  ማድረጋቸውና  በአሁኑ  ወቅት  እየተሰራበት  እንደሆነ  ገልጸዋል።,handwritten
1558,hand_2415_line_7.png,ሉቀን  ተስፋዬ  እና ወይዘሮ  ህይወት  ጌታቸው  ናቸው።,handwritten
8261,hand_2418_line_13.png,ካልተቻለም  አልተቻለም  ነው ብሎ  አረጋግቶኛል።,handwritten
6611,hand_2446_line_6.png,ይዳርግኻል።,handwritten
16994,hand_2458_line_4.png,ከአምላክ  ጋር ያለኝን  ዝምድና  እንደያዝኩ  በእስር  ቤት መቆየት  እመርጣለሁ።,handwritten
2294,hand_2470_line_7.png,ነው።,handwritten
2716,hand_2473_line_12.png,መሬት  ለሱዳን  በገፍ  እየተሰጠ  ነው።,handwritten
15031,hand_2488_line_4.png,ለመተርጎም ተዘጋጀ።,handwritten
29153,hand_2516_line_11.png,እንዴት  ነው ?።,handwritten
29356,hand_2517_line_6.png,አስተዋጽ ያደረገ ሰው  ነው።,handwritten
26377,hand_2531_line_9.png,ሲገድሉ  እና ሲያሰቃዩ  ይጠቁማሉ።,handwritten
25050,hand_2535_line_10.png,እንዳሰበችው  ልጇ ኢትዮጵያ  ሳይደርስ  በጠላቶቹ  ተይዞ  በ 17 አመት,handwritten
16634,hand_2547_line_12.png,መመሪያ  የሚሆናቸውን  ሥርዓት  ሠሩ።,handwritten
20465,hand_2567_line_11.png,ላይ የተመሠረተ  ግንዛቤ  ነው።,handwritten
17341,hand_2569_line_8.png,መሰለኝ።,handwritten
13773,hand_2592_line_11.png,ጭንቀት  ሊመራ  የሚችል  እንደሆነ  የመጀመሪያው  ቃል ያስረዳል።,handwritten
21408,hand_2595_line_10.png,ስለገጠመህ  አንድ  ችግር  እያብሰለሰልክ  ነው።,handwritten
7247,hand_2628_line_12.png,: - በአቶ  መኩሪያ  ኃይሌ  የሚመራው  የከተማ  ልማት  ፣ ቤቶችና,handwritten
25459,hand_2640_line_10.png,ነበር።,handwritten
26087,hand_2659_line_8.png,መውሰዳቸው።,handwritten
24619,hand_2700_line_12.png,፤,handwritten
16064,hand_2704_line_4.png,ለማገልገል  የተመረጠች  አገር ናት።,handwritten
2970,hand_2706_line_11.png,ነበር።,handwritten
369,hand_2708_line_9.png,ጊዜያት  ነበሩ።,handwritten
29218,hand_2709_line_9.png,ትገኛለች።,handwritten
21447,hand_2718_line_11.png,ያለማቋረጥ  እንዲጋት  ሲደረግ  ቆይቷል።,handwritten
21717,hand_2721_line_12.png,እኔ ደግሞ  በአጋጣሚ  ከተማረ  ቤተስብ  ነው የተገኜሁት።  ያደግሁት  በጣም  ዓመፀኛ  ሆኜ ነበር።,handwritten
15808,hand_2777_line_9.png,ተቤዠው።,handwritten
5080,hand_2782_line_7.png,ይሆናል።,handwritten
17552,hand_2811_line_12.png,ማጥፋት  ነው።,handwritten
15726,hand_2821_line_13.png,የወረዳ  አገልጋይ ሆኜ መሥራት  ጀመርኩ።,handwritten
17784,hand_2826_line_9.png,ሆነ።,handwritten
11409,hand_2830_line_8.png,ከኑፋቄው  አልመለስ  ያለውን  እልከኛውን  አርዮስንና  ትምህርቱን  አውግዘው,handwritten
11410,hand_2830_line_9.png,ሃይማኖትን  አጸኑ።,handwritten
19525,hand_2871_line_3.png,ሊመሠረቱ  ችለዋል።,handwritten
11882,hand_2918_line_7.png,የሚበጀዉን በሉ።,handwritten
32800,hand_2951_line_3.png,እየተባለ  ሲንቆለጳጰስ  ኖሯል።  የሰንደቅ  አላማ  ልዪ ክብርና  የአገር  ፍቅር  ሰዎች  ተወልደዉ  ከሚያድጉበት,handwritten
32801,hand_2951_line_4.png,ማህበረሰብ  ፤ ከቤተሰብ  ፤ ከጎረቤትና  ከጓደኛ  እንደ  ምግብና  እንደ  ዉኃ እየበሉና  እየጠጡ  የሚያገኙት,handwritten
32802,hand_2951_line_5.png,የሰዉነትና  የዜግነት  መገለጫ  ታላቅ  እሴት  ነዉ።,handwritten
24346,hand_3006_line_3.png,"መመሳሰል  ለማስረዳት  ሁሉንም  እዚህ  ቦታ ላይ መፃፉ  አንድም  የቦታ  ጥበት  ስላለ  , ሁለትም  አስፈላጊ  ባለመሆኑ",handwritten
24347,hand_3006_line_4.png,አንዱን  ብቻ መርጬ  በሁለት  ምክንያት  አቀርባለሁ  .።,handwritten
18668,hand_3014_line_9.png,እንዲሰፍን  አድርገዋል።,handwritten
27255,hand_3035_line_10.png,ነው።,handwritten
18101,hand_3081_line_10.png,መሠረት  ሆኖት  ይሆን  ?።,handwritten
16126,hand_3087_line_9.png,መነሳታቸውን  አዲስ  ቮይስ  የተባለው  ድሀረ  ገጽ አስታወቀ።  የሃጂ  ተጓዦች,handwritten
16127,hand_3087_line_10.png,ቁጥር  ወደ 10 ሺህ ከፍ እንዲል  ተደረገ።,handwritten
13465,hand_3090_line_10.png,"ባዩት ጊዜና , , ብለው በማሣፈር አስመልሰውታል አሉ ለዚያውስ",handwritten
13466,hand_3090_line_11.png,ፈረንጅ ማፈር ሲያውቅ አይደል።,handwritten
10586,hand_3168_line_6.png,ተስፋ  እናደርጋለን።,handwritten
22034,hand_3170_line_10.png,፤ መታገል  እየፈለግን  ያለ ምንም  እንቅስቃሴ  በየካምፑ  ተወዝፈን  ነውና  የም,handwritten
22035,hand_3170_line_11.png,ንውለው  ፤ እንዋጋ  ዘንድ  ኢሳኢያስ  አፈወርቂን  ጠይቁልን  የሚል  ነበር።,handwritten
9359,hand_3269_line_7.png,ቅዱስ  ሐሤት  አደረገና።,handwritten
25686,hand_3282_line_10.png,ለሁሉ  ወዳጅ  የሆነው  አቶ ፋንታሁን  ምረቴ  እና ሊቀ ትጉሃን  ኃ / ጊዮርጊስ በጋራ  ዘረፋውን  ማከናወናቸው  ታውቋል።,handwritten
23864,hand_3298_line_5.png,አውቅ  ነበር።,handwritten
5686,hand_3360_line_6.png,ከመግባባት  ላይ ተደርሷል።,handwritten
23851,hand_3418_line_12.png,ብለው  የሚያምኑ  ቡድኖች  ናቸው።,handwritten
13148,hand_3429_line_11.png,ቡድን  መካከል  ተፈጥሮ  የቆየው  ጎራ ለይቶ  መሰላለፍና  አንዱ,handwritten
13149,hand_3429_line_12.png,ቡድን  ሌላኛን  ለማስወገድ  የሚያደርገው  ፍትጊያ  በእጅጉ  ከሯል።,handwritten
7909,hand_3434_line_9.png,ጠብቁ።,handwritten
9941,hand_3436_line_7.png,በተመቸው  ቀንና  ሰዓት  የመኪና  ፣ የሆቴልና  የባቡር  መከራዬትን  የሚያስችል  ድህረ  ገፅ ለማቅረብ  በከፍተኛ,handwritten
9942,hand_3436_line_8.png,ዝግጅት  ላይ ነው።,handwritten
11934,hand_3476_line_12.png,/ ከአሃምሳ ዓመት በፊት የተማርኩት ነገር ነውና በትክክል ባለመግለጼ አትፍረድብኝ /።,handwritten
24137,hand_3511_line_4.png,እንቀስቃሴ  ከሚደረግባቸው  ተጠቃሽ  አይነቶች  መካከል  የቮሊቦል,handwritten
24138,hand_3511_line_5.png,ስፖርት  አንዱ  ነው።,handwritten
27620,hand_3546_line_10.png,ተገልፃ  ል።,handwritten
24036,hand_3548_line_10.png,በሚግባባበት  ትንሿ  ጉዳይ  ላይ አብሮ  መሥራትና  የተበላሸውን  ገጽታ  መለወጥ  ይገባዋል  ይላሉ።,handwritten
24880,hand_3552_line_5.png,የሚዘነጋ  አይደለም።,handwritten
15717,hand_3604_line_11.png,ሐሳብ  አይገባውም  ነበር።,handwritten
16511,hand_3606_line_11.png,በቋሚነት  ተጠቅመዋል  ፡ -።,handwritten
19459,hand_3628_line_12.png,ውስጥ  ምን ያህል  እንቁላል  ልክተት  ?,handwritten
24521,hand_3688_line_10.png,ለማንም  ያልተሰጠ  ቦታ አለ።,handwritten
2608,hand_3707_line_3.png,በስቲያ  በማለት  ሦስትነትን  ከማፍረስ  ይልቅ  ፣ በከሚስ  ይሁን  !።,handwritten
850,hand_3714_line_1.png,ባገኜኸው  አጋጣሚ  ሁሉ ድምጽህን  ለማስቆጠር  የምታደርገውን  ጥረት  በውነት  አደንቃለሁ።,handwritten
321,hand_3725_line_12.png,እንዴ  ጎብዝ  ምን አይነት  ዘመን  ላይ ደረሰን  ።,handwritten
2738,hand_3758_line_5.png,ገለጻ ሲያደርጉ  ለመታደም  ችያለሁ።,handwritten
982,hand_3765_line_11.png,ታውቃለህ  ?።,handwritten
1537,hand_3819_line_12.png,እንደሆነ  መምህር  አብርሃ  ያምናሉ።,handwritten
33187,hand_3841_line_9.png,ነው።,handwritten
1981,hand_3853_line_4.png,ጎርኩ  ነበር።,handwritten
416,hand_3868_line_10.png,ወዲያ  የ 3 ቀን እድሜ  ቢሰጣቸውም  አልተቀበሉትም።,handwritten
2978,hand_3872_line_11.png,16 ጀምሮ  በአዲስ  አበባ  ስታዲየም  በትንሿ  ሜዳና  በአበበ  ቢቂላ  ስታዲየም።,handwritten
29314,hand_3907_line_10.png,ነው።,handwritten
8121,hand_3911_line_9.png,ሲደርስብን  በጣም  እንደሚያዝንና  በቅርቡም  መከራን  እንደሚያስወግድ  ነው።,handwritten
3086,hand_3920_line_10.png,ተከታይ  የሆነ  ሊቁ ድዮናስዮስ ነው።,handwritten
339,hand_3923_line_11.png,እንዳሉ  እዚያው  ሕይወታቸው  አለፈች።,handwritten
707,hand_3938_line_10.png,አደናግሮ  በመሣሪያነት  የመጠቀም  አዝማሚያ  ምስጢር  ነው።,handwritten
2478,hand_3939_line_12.png,ለ ሀዝብ  ኣመን።,handwritten
20291,hand_3998_line_12.png,የሄድኩ  በባንክ  ያለ ነው እሳቸው  የባንክ  አካውንት  ሲያወጡ  ጠብቄ  የግድ  ማዘዋወር  አለብኝ።,handwritten
21292,hand_4037_line_10.png,እሳት  እንደት  ሊያዲግ  ዪችላል  ?።,handwritten
1270,hand_4042_line_10.png,ለሀገራችን  በአንድነት  የምንሠራበት  ዘመን  ሊሆን  ይገባል።  ልጇ ከቤት  የለም።,handwritten
2012,hand_4044_line_5.png,የዉጭ  አገር ሰዎች  ጭምር  መሆኑንደ  ነዉ።,handwritten
2451,hand_4046_line_10.png,መሠረት  ያደረጉ  መሆናቸውን  በማሣያነት  አቅርበዋል።,handwritten
31867,hand_4059_line_9.png,ላይ አነሱ,handwritten
10856,hand_4070_line_5.png,በጽሑፍም ተዘጋጅተው የተለቀቁም እንደዚሁ አሉና እነርሱን መከታተል ነው ወደፊት እንደ,handwritten
10857,hand_4070_line_6.png,ጌታ ፈቃድ ሌሎችም እቅዶች ይኖሩኛል እየጸለይኩበት እገኛለሁ እናንተም ጌታ ባሳሰባችሁ,handwritten
10858,hand_4070_line_7.png,መጠን ጽልዩልኝ,handwritten
9971,hand_4072_line_5.png,የሌኒንን መፈክር አንግቦ ተነሣና ደሀ የጠላበት ደረጃ ላይ ደረሰ ፤ እንደሚስለኝ የተለመደው,handwritten
9972,hand_4072_line_6.png,የአስተሳሰብ ስሕተታቸው ነው ፤ ደሀነትንና ደሀን አንድ አድርገዋቸዋል !,handwritten
10135,hand_4074_line_7.png,አንዳችም ትርፍ የማያስገኝ የሞራልና የስብዕና ክስረት ነው,handwritten
29976,hand_4075_line_7.png,ዩኒፎርም የለበሠች ህፃን ተማሪን ነው,handwritten
30990,hand_4077_line_7.png,መጥቷል,handwritten
31170,hand_4080_line_7.png,እጠቀልላለሁ ተባረኩልኝ,handwritten
30548,hand_4178_line_9.png,የሌለው ሰው አገልግሎት ውስጥ,handwritten
11225,hand_4221_line_10.png,ከሆን ከሁለቱ የቤተክህነቱ ጽ/ቤቶች በስተቀር በማንኛውም የቤተክህነቱ አካል ከመንግሥት,handwritten
11226,hand_4221_line_11.png,ጋር,handwritten
21911,hand_51_line_10.png,ሲገል  ሲያስርና  ሲያሳድደው  የነበረው  ወገን  እንደሚጠብቀው  አውቆ  ስልጣን  ሙጥኝ  ብሎ,handwritten
21910,hand_51_line_9.png,አምላኬ  ሆይ ፥ አቤቱ  ፥ ወደ አንተ  እጸልያለሁና።  ከፊሉም  የትም  ቦታ ቢሄድ  የትም  ፤ እስከዛሬ,handwritten
21909,hand_51_line_8.png,ሠላማዊ  ትግሉ  ይኼንን  ጥያቄ  ነው መመለስ  ያለበት።  2 የልመናዬን  ቃል አድምጥ  ፥ ንጉሤና,handwritten
20455,hand_54_line_11.png,ሊያበላሽባቸው  ብሎም  እነሱንም  ሆነ ተጋባዦቹን  ሊያሳፍራቸው  እንደ,handwritten
20454,hand_54_line_10.png,ደናግላን  ሴቶችና  ባልቴቶች  ግን ከሴቶች  በላይ  ይቀመጡ።,handwritten
20453,hand_54_line_9.png,፣ ቦታ ባይኖር  ግን ሕፃናቱ  በፊት  እናቶች  በኋላ  ይቁሙ  ፣,handwritten
10504,hand_67_line_9.png,የታሰረችበትን  ምክንያት  ልንረሳ  አይገባም።  ከዚህ  ባለፈ  የቻንን  ዋንጫ  በሚመለከት  አልተነጋገርንም  ፣,handwritten
10503,hand_67_line_8.png,በኋላ  የተፈታችበት  ይህ ቀን ለሁላችንም  የደስታ  ቀን ነው ካለ በኋላ  ፤ ነገር ግን መቼም  ቢሆን  መጀመሪያውኑ,handwritten
10502,hand_67_line_7.png,አድቮካሲ  ፎር ኢትዮጵያ  የተባለው  ድርጅት  በበኩሉ  በዚሁ  ቀን በለቀቀው  መግለጫ  ፤ ብርትኳን  ከ 21 ወራት እስራት,handwritten
32334,hand_133_line_7.png,ከአቂላና  ከጵርስቅላ  ጋር የኤጅያንን  ባሕር  አቋርጦ  በትንሿ  እስያ  ወደምትገኘው  ወደ ኤፌሶን  ሄደ።  ክርስቶስ የኃጢአትን,handwritten
32333,hand_133_line_6.png,እንግዳ  ነኝ። ይኼው  የውዝግብ  ምንጭ  የሆነው  ማስተር  ፕላኑም  ለዚህ  እንደ  አብነት  የሚነሳ  ነው።  * ( ሥራ 18 : 18 ) ከዚያም,handwritten
32332,hand_133_line_5.png,የተመካችውን ያላፈርክ ፤ ምስጋና ለአንተ ብቻ ይገባል ፤ የአገርህን የኢትዮጵያን ነጻነት ለአንተ  አደራ  እላለሁ  ፤ እኔ እንደአባቶቼ,handwritten
2811,hand_143_line_8.png,ቤተ ክርስቲያናችን  የተመሠረተችበት  ቀን ከመሆኑም  በላይ  እግዚአብሔር  መንፈስ ቅዱስ  ለሐዋርያት,handwritten
2810,hand_143_line_7.png,ላይ መሆናቸውን  የአካባቢው  የኢሳት  ምንጮች  ገልጸዋል።  በየዓመቱ  በዓለ ጰራቅሊጦስን  የምናከብረው,handwritten
2809,hand_143_line_6.png,ጉራፈርዳ  ወረዳ  አቅጣጫ  ተዛምቶ  እስካሁን  ከ 20 ያላነሱ  ሰዎች  መገደላቸውና  በርካቶችም  በመሰደድ,handwritten
13648,hand_153_line_5.png,አስኪያጅ ፤ የኢሉባቦርና ጋምቤላ ሀገረ ስብከት ሊቀጳጳስ መሪነት ጸሎተ ወንጌል,handwritten
13647,hand_153_line_4.png,የተካሔደው መርሐ ግብር በብፁዕ አቡነ ፊሊጶስ የጠቅላይ ቤተ ክህነት ዋና ስራ,handwritten
13646,hand_153_line_3.png,ሕወሃት ባለስልጣናት ታዛዦችና ባርያዎች መሆናቸውን ቀጠሉ። ከረፋዱ 4 ፡ 00 ስኣት ጀምሮ,handwritten
12915,hand_201_line_11.png,ማንሳቱን  እንኳን  ሳታስተውል  ጭልጥ  ብላ ትጠፋለች።  የቀድሞ  የሊቨርፑሉ  አሰልጣኝ,handwritten
12914,hand_201_line_10.png,ለወትሮው  ጥያቄ  ሲጠይቅ  ከሁሉ  ፈጥና  እጇን  የምታወጣው  ዝናሽ  መምህር  ሰለሞን  ጥያቄ,handwritten
12913,hand_201_line_9.png,የሩኤል  ምድረ  በዳ ከመድረሳችሁ  በፊት  በሸለቆው  መጨረሻ  * ላይ ታገኟቸዋላችሁ።,handwritten
23138,hand_229_line_12.png,ኢትዮጵያ  ታላቅ  መሪዋን  ማጣቷን  ከተናገረ  በኋላ  በቀጥታ  ያመራው  እሳቸው,handwritten
23137,hand_229_line_11.png,በሚመስል  መልኩ  ለኢትዮጵያ  ሕዝብ  ጆሮ ያደረሠው  ጋዜጠኛ  ተመስገን  በየነ ፣,handwritten
23136,hand_229_line_10.png,የደሴውን  ወሎ  አምባሰልን  ያስተናግዳል።  ይኼንን  የሀዘን  ዜና እንባ  እየተናነቀው,handwritten
672,hand_230_line_7.png,የዛሬ  አመት  በ 03 / 07 / 2011 የወለደችውን  ልጅ ግን አግብታ  ቢሆንም እርግዝናዋ  ሲመጣ  አስረጋዡ,handwritten
671,hand_230_line_6.png,"29 ፤ 9 , 56 ፤ 12 )። መጋቢት  2003 ላይ የጉባኤ  ሽማግሌ  ሆኜ ተሾምኩ። በመጨረሻው  ጊዜ ልክ",handwritten
670,hand_230_line_5.png,"13 ፤ 4,7 , 14 ፤ መጽሐፈ  ምሳሌ  20 ፤ 1 ፤ 31 ፤ 4 ፤ ትንቢተ  ኢሳይያስ 5 ፤ 11 , 22 ፤ 24 ፤ 9 , 28 ፤ 7 ,",handwritten
6594,hand_252_line_7.png,ቸው  ፣ ለዘውዳቸውና  ለመቃብራቸው  የተሰውትና  በሕይወት  ዘመናቸው  አንበሳው,handwritten
6593,hand_252_line_6.png,ንጉሠ  ነገሥት  ዘኢትዮጵያ  ለእናታቸው  ፣ ለሚስታቸው  ፣ ለልጃ,handwritten
6592,hand_252_line_5.png,አይነት  ምርጥ  ጫት  ስም ነው አሉ።  አንበሳው  አጼ ዮሐንስ  -,handwritten
6595,hand_252_line_8.png,አጤ ዮሐንስ  እየተባሉ  ይጠሩ  የነበሩት  ሰማዕት  ከሞቱ  125,handwritten
6594,hand_252_line_7.png,ቸው  ፣ ለዘውዳቸውና  ለመቃብራቸው  የተሰውትና  በሕይወት  ዘመናቸው  አንበሳው,handwritten
6593,hand_252_line_6.png,ንጉሠ  ነገሥት  ዘኢትዮጵያ  ለእናታቸው  ፣ ለሚስታቸው  ፣ ለልጃ,handwritten
24244,hand_263_line_7.png,በአክዓብ  ልብ ውስጥ  ትልቅ  ቦታ የያዘው  ለቁሳዊ  ነገሮች  ያለው  ፍቅር  እንጂ  ምሕረት  ፣ ፍትሕ  ወይም,handwritten
24243,hand_263_line_5.png,ፈቃደኛ  ካልሆነ  ምንም  መደረግ  እንዳለበት  ተናዛዡ  በኑዛዜው  ላይ ካልገለፀ  በስተቀር  የኑዛዜ  ስጦታ  የሚደርሰው,handwritten
24242,hand_263_line_4.png,ኣንችልም  ይላሉ።  የመጀመሪያው  የኋላ  ልጇ የሚለው  ነው።  ባለግዴታው  ስጦታውን  ለመቀበል  ካልቻለ  ወይም,handwritten
8994,hand_266_line_6.png,ጳጳሳት  የዚያችን  ሥዕል  ዜና በሰማ  ጊዜ ከኤጲስ  ቆጶሳትና  ከካህናት  ከሕዝቡም  ሁሉ ጋር መጣ።  ከመሃል  ፤,handwritten
8993,hand_266_line_3.png,አቆጣጠር  በዚህ  በያዝነው  ዓመት  100 ኛ ዓመት  ክብረ  በዓል  የሚከበርለትን  ድል በተቀዳጁት  ዓጼ ምኒልክ,handwritten
8992,hand_266_line_2.png,ክፍለ  ዘመን  በአድዋ  ጦርነት  ኃያሉን  እና ወራሪውን  የኢጣሊያ  ኃይል  ድባቅ  በመምታት  ድል የተቀዳጁትን  እና  እ.ኢ.አ,handwritten
18725,hand_274_line_10.png,እሥራኤልን  የሚያሳስብ  እንዳልሆነ  አስታወቁ።  ( ዘፍጥረት  3 : 15 ) ዘሩ የሚመጣው,handwritten
18724,hand_274_line_9.png,አገራቸው  በመካከለኛው  ምሥራቅ  የምታከናውነው  ተግባር  ኃላፊነት  የተሞላበት  እንደሆነና,handwritten
18723,hand_274_line_8.png,ቤተ ክርስቲያን  ውስጥ  ብቻ የተወሰነ  አልነበረም።  የሩሲያ  ፕሬዚዳንት  ቨላዲሚር  ፑቲን,handwritten
22761,hand_276_line_6.png,ሕፃን  ልጅ በሚያወጣው  ዕጣ 118 ኛው  ፓትርያርክ  ይታወቃል።  አጼ ዮሐንስ  እንደሞቱ  ጀግናው,handwritten
22760,hand_276_line_5.png,ሴ  በኋላ  በመንበሩ  ላይ የተቀመጡት  ስሞች  ወርደው  አንድ  ዓይኑን  በጨርቅ  የተሸፈነ,handwritten
22759,hand_276_line_4.png,ጠበት  ታሪክ  ከታሪክም  በላይ  ነው አቤ የኢትዮጲያ  ምእመናንና  ተጋባዦች  በተገኙበት  ከቅዳ,handwritten
14018,hand_287_line_6.png,ባልንጀሮቻቸው በሚያሳዩት ፍቅርና ርኅራኄ የሚታወቁ በርካታ ወንድሞችና እህቶችም,handwritten
14017,hand_287_line_5.png,ሀገራዊ አደጋ የተመለከተ አስገራሚ ዘጋቢ ፊልም አቅርቦ ነበር። 5 : 17 ) ለእምነት,handwritten
14016,hand_287_line_4.png,ጊዜ የተከሰተውና የአል - ሸባብና የአል - ቃዒዳ ክንፍ አባላት ደቅነውት የነበሩትን,handwritten
4463,hand_289_line_6.png,መገለጫዎች  ነበሩ።  መንግስት  በ አረብ  ሀገር  እንባዋን  የምታፈሰውን,handwritten
4462,hand_289_line_5.png,ቸርነት  ፣ ቅንነት  ፣ ታማኝነትና  እውነትንና  ፍትህን  መፈለግ  የአዒሻ  ዋነኛ,handwritten
4461,hand_289_line_4.png,ዶ / ር ያዕቆብ  ፡ - ይኼ  እውነትም  በፍትሕ  ላይ መቀለድ  ነው።,handwritten
4464,hand_289_line_7.png,ኢትዮጵያዊት  ሴት ለመርዳት  የወሰደው  አርምጃ  ትንሿ  ጅቡቲ  በ ዲፕሎማሲ,handwritten
4463,hand_289_line_6.png,መገለጫዎች  ነበሩ።  መንግስት  በ አረብ  ሀገር  እንባዋን  የምታፈሰውን,handwritten
4462,hand_289_line_5.png,ቸርነት  ፣ ቅንነት  ፣ ታማኝነትና  እውነትንና  ፍትህን  መፈለግ  የአዒሻ  ዋነኛ,handwritten
18228,hand_356_line_2.png,በተለይም  በሬን  አርዶ  ስለመበለት  ጉዳይ  በአንድ  አጋጣሚ  ካገኘሁት  በሬ አራጅ  ጋር ያደረግሁትን,handwritten
18227,hand_356_line_1.png,ለማንኛውም  ከዚሁ  የዓውዳመት  ነገር ሳልወጣ  ፤ ስለ በዓል  ሰሞን  በሬ እና አራጁ  ፤,handwritten
23915,hand_355_line_11.png,አራጆች  የሚናገሩት  እንግሊዝኛ  በአሜሪካ  ቅላጼ  ( አክሰንት  ) ነው።,handwritten
32390,hand_413_line_9.png,የክሪሽና ታሪክን የሚፈትሽ መጽሐፍ በመስራት ላይ ነው። ይሄን ጊዜ የጋብሮቮው ተወላጅ ደግሞ ተሸክሞት ወጣ,handwritten
32389,hand_413_line_5.png,ምሕረት ለሰው ማስተላለፍን ነው። ስድስተኛ ልጇን እርጉዝ የሆነችው አለም ፤ አንድ ሌሊት ለዘጠኝ ወራት,handwritten
32388,hand_413_line_4.png,ጽንሰ ሃሳብም ፥ በእግዚአብሔርና በሰው መካከል ሆኖ ፣ ሰውን ከእግዚአብሔር ጋር ማገናኜትንና ፥ የእግዚአብሔርን,handwritten
28402,hand_440_line_7.png,ዱርዬ  ተግባር  ውስጥ  መግባታቸውን  ያሳይ  ካልሆነ  በስተቀር  ፤ ማንንም  የሚያሳምን  አይደለም  ሲሉም  አክለዋል,handwritten
28401,hand_440_line_6.png,ዜጎችን  ይዤ እንዲሁ  ወደ አገራቸው  አባረርኳቸው  ብሎ  በዜና  ማሳወጁ  ፤ ባለሥልጣናቱ  ምን ያህል  የተራ,handwritten
28400,hand_440_line_5.png,የከሰሰ  መንግስት  ፤ በሙስሊሞች  ተቃውሞ  በተወጠረበት  በአሁኑ  ጊዜ ፦ ተቃውሞው  መሀል  አመጽ  የሚቀሰቅሱ  የውጪ,handwritten
9257,hand_453_line_11.png,አክራሪ  ይሁዲ  በነበረችው  በአገው  ተወላጇ  በዮዲት  ( ጉዲት  ) ( 842 -882 ) መሪነት,handwritten
9256,hand_453_line_10.png,በ 9 ኛው መቶ  ክ / ዘ ለክርስቲያኑ  የአክሱም  መንግሥት  ግብር  ላለመገበር  ወስነው,handwritten
9255,hand_453_line_9.png,ላይ ተገኘሁ።  ይህ ማለት  በ ኒፑር  የነበሩት  ቄሳውንት  ንጉሥነቱን  እንዳዳገፉት  ይሆናል።,handwritten
34804,hand_524_line_10.png,አናቱ  የዞረ በኢቮልዩሽን  ህግ - ጠበል  እየጠጣ  ፈጣሪን  ለመግጠም  - ወደ ትግል,handwritten
34803,hand_524_line_9.png,ጋራዡን  በተሟላ  መልኩ  በማጽዳት  በሥርዓት  ያደራጀዋል  ?። በተራማጅ  ባህል  -,handwritten
34802,hand_524_line_8.png,የማይታሠቡ  ቀጥ ያሉ ገደሎች  የተከበበ  ነው።  ለምሳሌ  ፣ አባትየው  ቢያንስ  በዓመት  አንድ  ጊዜ,handwritten
15303,hand_574_line_7.png,ምላሽ  እንዲሰጡ  በሪፖርተር  ተጠይቀው  ነበር።  ከግድቡ  የሚመነጨውን  ሀይል  ወደ ብሄራዊ  ቋት ለማስገባት  የሚስችል  ባለ 500 ኪሎ  ቮልት,handwritten
15302,hand_574_line_6.png,እስያ  አብዛኛውን  ክፍል  ተቆጣጥረው  ነበር።  ይኼንን  ሁሉ አልፎ  እንዴት  ሊፈጸም  እንደቻለ  የቤተ  ክርስቲያኑ  አስተዳዳሪ  ሊቀ ማዕምራን  ጽጌ ከበረ,handwritten
15301,hand_574_line_5.png,ሚስጥር  የሚባል  ነገር የለም  ፤ ለዚህ  ነው ደብዳቤውን  ያልላኩት።  ሮማውያን  ግዛታቸውን  በስተ  ምሥራቅ  እያስፋፉ  ስለነበር  በዚህ  ወቅት  የትንሿን,handwritten
13434,hand_575_line_10.png,"3 : 28 ፤ 6 : 15 , 16 ) በመጀመሪያው  መቶ  ዘመን  በአገልግሎት  ይካፈሉ  ከነበሩት",handwritten
13433,hand_575_line_8.png,ድርጅቶቹና  መሪዎቻቸው  ኦርቶዶክሳዊት  ቤተ ክርስቲያንን  የማፍረስ  ተልእኮ  እንዳላቸው,handwritten
13432,hand_575_line_7.png,እንግዳ  ትምህርቶችና  ክሕደት  ማንነታቸው  እየተጠቀሰ  ይፋዊ  ምላሽ  የሚሰጣቸው  ፤ 4 ),handwritten
5997,hand_600_line_6.png,የራቀው  ቅዠት  እንጂ  ህልም  የነጠበው  ባጠቃላይ  በሕይወቱ  አነዋወርና  ልማዱ  መሐል  የተሻለ  ወይም  የተለየ,handwritten
5996,hand_600_line_5.png,ስለሚሉ  ነው።  ከአጼ  ይኩኖ  አምላክ  ጀምሮ  እስከ  ግራኝ  ወረራ  ድረስ።  ባለበት  የሚድህ  ተስፋ  የጠፋው  ራዕይ,handwritten
5995,hand_600_line_4.png,ምስክሮች  የሥላሴ  ትምህርት  የተወሰነው  በ 325 ዓ.ም. በጉባኤ  ኒቅያ  በንጉሥ  ስጠንጢኖስ  አስገዳጅነት  ነው,handwritten
5998,hand_600_line_7.png,ነገር የማይፈጥር  ቢረግጡት  እንቦጭ  ዓይነት  ይሆናል።  እንዲያውም  ልጇን  የምትወድ  እናት  የልጇን  ሥቃይ,handwritten
5997,hand_600_line_6.png,የራቀው  ቅዠት  እንጂ  ህልም  የነጠበው  ባጠቃላይ  በሕይወቱ  አነዋወርና  ልማዱ  መሐል  የተሻለ  ወይም  የተለየ,handwritten
5996,hand_600_line_5.png,ስለሚሉ  ነው።  ከአጼ  ይኩኖ  አምላክ  ጀምሮ  እስከ  ግራኝ  ወረራ  ድረስ።  ባለበት  የሚድህ  ተስፋ  የጠፋው  ራዕይ,handwritten
10422,hand_642_line_10.png,ከዚያም  በደቡብ  አውስትራሊያ  ግዛት  የወረዳ  የበላይ  ተመልካች  ሆኜ,handwritten
10421,hand_642_line_9.png,እንደኔ  ሁሉ ሌሎችም  በሰላመ  ይመጡ  ዘንድ  ምኞቴ  ነው ብላናለች።,handwritten
10420,hand_642_line_8.png,ይጠነቀቃል።  ዛሬ ላይ ሆኜ ስለነገ  ማሰብ  አቅቶኛል  ፤ ያም ሆኖ ልክ,handwritten
10053,hand_647_line_6.png,ለዩኒቨርስቲው  ፕሬዝዳንት  በእጅ  የተፃፈ  የብራና  የአዲስ  ኪዳን,handwritten
10052,hand_647_line_5.png,ዩኒቨርስቲውና  የዩኒቨርስቲውን  ማህበረሰብ  ካመሰገኑ  በኋላ,handwritten
10051,hand_647_line_3.png,የጀመሩት  ቀዳማዊ  ኃይለ  ሥላሴ  የኮሎምቢያ  ዩኒቨርስቲ  ሴኔት  በሕግ,handwritten
11071,hand_653_line_8.png,መሆኑ  ነው።  የድመት  ጺሞች  ትንሹም  እንቅስቃሴ  ቶሎ የሚሰማቸው  መሆኑ  አንድ  ነገር ወይም  አድነው,handwritten
11070,hand_653_line_6.png,እሷን  ለማግባት  ፈቃደኛ  መሆኑን  እንደሚጠይቀው  ለሩት  ገለጸላት።  እናም  የዚህች  ሀገር  መፃዒ  ተስፋ  ያለው,handwritten
11069,hand_653_line_5.png,ቀርቦ,handwritten
28383,hand_666_line_9.png,መሞት  ትርዒት  ) እንደታየው  ሁሉ የነበረውን  እያጠፍን  በአዲስ  እያጠፋፋን  መቀጠላችን,handwritten
28382,hand_666_line_8.png,በፊት  የሠርግም  ( የሺህ  ጋብቻ  በጅምላ  ) ይሁን  የሀዘን  ( ለጠቅላይ  ሚ / ሩ,handwritten
28381,hand_666_line_7.png,( ሁላችንም  በእጃችን  ትኩስና  የሚያቃጥል  መብላታችን  ) ከአልጫው  ሚሊኒየም,handwritten
28384,hand_666_line_10.png,አዲሲቷ  ኢትዮጵያ  ተብሎ  ካልተመፃደቅን  በቀር  ሠፊና  ድንቅ  ሆነ ተወራራሽ  ባህል,handwritten
28383,hand_666_line_9.png,መሞት  ትርዒት  ) እንደታየው  ሁሉ የነበረውን  እያጠፍን  በአዲስ  እያጠፋፋን  መቀጠላችን,handwritten
28382,hand_666_line_8.png,በፊት  የሠርግም  ( የሺህ  ጋብቻ  በጅምላ  ) ይሁን  የሀዘን  ( ለጠቅላይ  ሚ / ሩ,handwritten
8639,hand_675_line_6.png,ትችላላችሁ።  በዚህ  ትርጓሜ  ወደጄ  ሆይ ተነሽ  እያለ  የሚናገረው  ተወዳጁ  ልጇ ጌታችን  ኢየሱስ  ክርስቶስ,handwritten
8638,hand_675_line_5.png,ከፈለጋችሁ  እንዴት  መጀመር  እንደምትችሉ  ለማወቅ  እግዚአብሔርን  በግል  ማወቅ  የሚለውን  ጽኁፍ  ማየት,handwritten
8637,hand_675_line_4.png,""" ማርያም  "" የምትባል  ልጅ የምትወልጂ  መሆንሽን  ልነግርሽ  ነው "" ...። ከእርሱ  ጋር ግንኙነት  መጀመር",handwritten
11706,hand_688_line_10.png,"ኢትዮጵያ  ሀገራዊ  የዠግኖች  ማኅበርን  "" በታደሰ  ሀገራዊ  ዓላማና  በተሻሻለ  ደንብ",handwritten
11705,hand_688_line_9.png,"ነጋ ኃይለ  ሥላሴ  ከሥራ  ባልደረቦቻቸውና  ከዕውቅ  አገር አፍቃሪዎች  ጋራ ፥ "" ጥንታዊት",handwritten
11704,hand_688_line_7.png,5 ጋቦን  ወይም  ቦትስዋና  ፤ በምድብ  6 ናይጄርያ  ፤ በምድብ,handwritten
11044,hand_709_line_9.png,ለነበሩ  ተማሪዎች  ብዙ እውነትን  ገላልጬ  ነገርኳቸው።  ( ምሳሌ  4 : 23 ) ይህን  ማድረግ  የምትችዪው  እንዴት ነው ?።,handwritten
11043,hand_709_line_8.png,ቢቂላ  ስታዲየም  ውድድሮችን  እንደሚያደርጉ  ታውቋል።  የቅኔን  ትምህርት  በማስፋፋት  ላይ በነበርኩበት  ጊዜ ይጠይቁኝ,handwritten
11042,hand_709_line_6.png,አትሌቲክስ  ፣,handwritten
10831,hand_710_line_8.png,ከጳጉሜን  1 / 2004 መስከረም  10 / 2005 ዓ.ም የሚቆይ  የሱባኤ  ጊዜ ማወጇን  የአገር  ቤቱ ሲኖዶስ  ዋና,handwritten
10830,hand_710_line_7.png,አገልግሎቷን  የምታጠናክርበት  ይኾን  ዘንድ  ካህናትና  ምእመናን  በአንድነት  ወደ እግዚአብሔር  የሚያመለክቱበትና,handwritten
10829,hand_710_line_5.png,ክርስቲያናችን,handwritten
9735,hand_711_line_10.png,በሞዛምቢክ  ዋና ከተማ  ማፑቶ  ባቀረበው  ሪፖርት  ላይ አህጉሩን  በአምስት  ቀጣና  ከፍሎ  ቀጣናዎቹ  የራሳቸውን,handwritten
9734,hand_711_line_9.png,ህብረቱ  በ 2003,handwritten
9733,hand_711_line_6.png,ወልደ  ማርያም  መጽሐፍ  ፣ እንጉርጉሮ  ብለው  ( 1967 ዓ.ም ) ያሳተሙትን  የግጥም  መጽሐፍ  ሳይጨምር  ፣ በአማርኛ,handwritten
9025,hand_712_line_10.png,መልአክ  ትንቢቱን  እንዲያብራራለት  ፊልጶስ  የተባለውን  ሚስዮናዊ  ላከለት።  መከላከያ  እና ቅዱስ  ጊዮርጊስ  በሲቲ,handwritten
9024,hand_712_line_8.png,ጓንቶችን  በማምረት  ወደ አሜሪካ  እንደሚወክና  ለ 414 ሠራተኞች  የሥራ  ዕድል  እንደፈጠረ  ዋና ስራ አስኪያጇ,handwritten
9023,hand_712_line_7.png,ውጤቶች  ፋብሪካ  ከተቋቋመ  የአንድ  ዓመት  ተኩል  ጊዜ እንዳስቆጠረና  በአንድ  ወር 100 ሺ የተለያዩ  ዓይነቶች የቆዳ,handwritten
7853,hand_713_line_10.png,እንዲሆን  ለሚቆጥር  ለእርሱ  ር ስ ነው።  የከፊሎቹ  መረጃ  ግልጽና  ቁርጥ  ያለ ( ቀጥዒይ  ) ሲሆን  የሌሎቹ,handwritten
7852,hand_713_line_9.png,በራሱ  ር ስ የሆነ  ነገር እንደ  ሌለ በጌታ  በኢየሱስ  ሆኜ አውቄአለሁ  ተረድቼአለሁም  ፤ ነገር ግን ምንም  ር ስ,handwritten
7851,hand_713_line_8.png,የመለስ  ወዳጅነት  ከሱዳን  ጋር ታጥቦ  ጭቃነው  ተገንጣዮች  ሱዳኖች  አሉ ለእነሱ  መካሻ  ነው ?። ሮቤል  ፊሊጶስ። 14,handwritten
8796,hand_746_line_9.png,ይፈርህዎ  ወያድኅኖሙ  ጣዐሙወታእምሩ  ከመኄር  እግዚአብሔር  መዝሙር  33 ፡ 7 -8 7 የእግዚአብሔር,handwritten
8795,hand_746_line_8.png,አለመሆናቸውን  ሲናገሩ  ይደመጣሉ።  ምስባክ  ይትዐየን  መልአከ  እግዚአብሔር  ዐውዶሙ  ለእለ,handwritten
8794,hand_746_line_7.png,የሕግ  አማካሪና  ጠበቃው  አቶ ቁምላቸው  ዳኜ የሰብአዊ  መብት  ኮሚሽን  አንዳንድ  ግለሰቦች  ገለልተኛ,handwritten
8797,hand_746_line_10.png,መልአክ  በሚፈሩት  ሰዎች  ዙሪያ  ይሰፍራል  ፥ ያድናቸውማል።  ዦርዥ  እና ማኖን  በቀጠሮው,handwritten
8796,hand_746_line_9.png,ይፈርህዎ  ወያድኅኖሙ  ጣዐሙወታእምሩ  ከመኄር  እግዚአብሔር  መዝሙር  33 ፡ 7 -8 7 የእግዚአብሔር,handwritten
8795,hand_746_line_8.png,አለመሆናቸውን  ሲናገሩ  ይደመጣሉ።  ምስባክ  ይትዐየን  መልአከ  እግዚአብሔር  ዐውዶሙ  ለእለ,handwritten
224,hand_770_line_13.png,ይተነትናሉ።  ወለሉን  እየጠረግሁ  እያለ  አንድ  ወጣት  ወደ እኔ ቀረብ  ብሎ የባሕር  ኃይል  ዋና አዛዡ  መሆን,handwritten
223,hand_770_line_11.png,ከሄዱ  ልትድኑ  አትችሉም  አላቸው።  ከሕዝብ  ለሕዝብ  ፣ በሕዝብ  የሆነውን ስርዓትም  ዘመናዊ  ፀሃፍት,handwritten
222,hand_770_line_10.png,ለማምለጥ  ሲሞክሩ  31 ጳውሎስ  መኮንኑንና  ወታደሮቹን  እነዚህ  ሰዎች መርከቡን  ጥለው,handwritten
23237,hand_785_line_7.png,በየመስጂዱ  የምናደራጃቸውን  ስብስቦች  በመጠቀም  የዒድ  ቀን ሁሉም  ህብረተሰብ  በነቂስ,handwritten
23236,hand_785_line_6.png,ልዩ ፍቅር  ያለው  መስሎ  በመታየት  የትግራይን  ሰዎች  ደስ ያሰኘ  መስሎት  ነው።,handwritten
23235,hand_785_line_5.png,ፊደላችን  ፣ ዓረቢውን  ይመርጣል  ብለህ  ነው ?። አጼ ዮሃንስን  ያላነሳው  አለምክንያት  አይደለም  ለንጉሱ,handwritten
8710,hand_817_line_6.png,የማይገናኟቸው  የኦርቶዶክስ  እምነት  ተከታዮች  መግለጫ  እንዲያውጡ  በማድረግ  ተጠቅመውባቸዋል።,handwritten
8709,hand_817_line_5.png,አባቶች  በሃይማኖት  ሽፋን  የሚንቀሳቀሱ  ጥቂት  የሙስሊም  አክራሪዎችን  እንዲደግፉ  በእምነት,handwritten
8708,hand_817_line_4.png,ያጸግብ  ነፍስ  ርኅብት  በማለት  ይዘመራል።  ምንም  እንኳን  የሰሞኑ  አጀንዳ  ምርጫ  ባይሆንም  ፤ እነዚህ,handwritten
8711,hand_817_line_8.png,የሰዒድ  አባት  ሆይ !። እንግዲህ  እዚህ  ስንመጣ  ... መቼም  የመንግስት  ሆስፒታል  ብዙም,handwritten
8710,hand_817_line_6.png,የማይገናኟቸው  የኦርቶዶክስ  እምነት  ተከታዮች  መግለጫ  እንዲያውጡ  በማድረግ  ተጠቅመውባቸዋል።,handwritten
8709,hand_817_line_5.png,አባቶች  በሃይማኖት  ሽፋን  የሚንቀሳቀሱ  ጥቂት  የሙስሊም  አክራሪዎችን  እንዲደግፉ  በእምነት,handwritten
11089,hand_827_line_2.png,እና በሽቦ  አልባ  ኃላፊነቱ  የተወሰነ  ድርጅት  መካከል  የሬዲዮ  እና የቴሌግራፍ  አገልግሎት  ኮንትራት,handwritten
11088,hand_827_line_1.png,እ.ኤ.አ በ 1934 በኢትዮጵያ  መንግስት  ንጉሰ  ነገስት  አጼ ኃይለ  ስላሴ  እና በሽቦ  ገመድ,handwritten
2560,hand_826_line_10.png,ርዝራዦች  ለማጥራት  የተነሱ  ነበሩ።,handwritten
11098,hand_844_line_1.png,ያይን  ምስክሮች  እንዳሉት  ለ 9 ዓመት  ያሕል  ወደ ኢትዮጵያ  እንዳልተመለሰችና,handwritten
1705,hand_843_line_10.png,ስጦታ  ወይም  ሁለቱንም  በአንድ  ጊዜ ሊሰጥ  ይችላል።,handwritten
1704,hand_843_line_9.png,ይሰበሰባል። የኑዛዜ  ስጦታዎች  በኑዛዜ  ተናዛዡ  ለስጦታ  ተቀባዮቹ  ጠቅላላ  የኑዛዜ ስጦታ  ወይም  ልዩ የኑዛዜ,handwritten
11099,hand_844_line_2.png,ሁለተኛ  ልጇን  ከወለደች  በኋላ  ወደ ኢትዮጵያ  ተመልሳ  እናቷን  ሀገሯን  የማየት,handwritten
11098,hand_844_line_1.png,ያይን  ምስክሮች  እንዳሉት  ለ 9 ዓመት  ያሕል  ወደ ኢትዮጵያ  እንዳልተመለሰችና,handwritten
1705,hand_843_line_10.png,ስጦታ  ወይም  ሁለቱንም  በአንድ  ጊዜ ሊሰጥ  ይችላል።,handwritten
21248,hand_900_line_11.png,ወስጄ  በእጃቸው  ሰጠኋቸው  ፤ እንዳነበቡት  ወይም  እንደተነበበላቸው  ፍልቅልቅ  ባለ ደስታቸው,handwritten
21247,hand_900_line_10.png,በኋላ  ጠራኝና  አንተው  ወስደህ  ብትሰጥ  ይሻላል  አለኝ  ፤ የምሄድበትን  ቀንና  ሰዓት  ነገረኝ  ፤,handwritten
21246,hand_900_line_9.png,እንዲሰጥልን  ለዩኒቨርስቲው  ፕሬዚደንት  ለልጅ  ካሣ ወልደማርያም  አስረከብሁት  ፤ ከጥቂት  ቀናት,handwritten
23158,hand_904_line_12.png,ቅዱስ  ባለቤትና  የእኛም  ፈጣሪ  የሆነው  ይሖዋ  አምላክ  ርኅራኄ  በማሳየት  ረገድ  ዋነኛ  ምሳሌ  እንደሆነ  ቅዱሳን  መጻሕፍት,handwritten
23157,hand_904_line_11.png,የተገናኙት  ደደቢት  እና ተጋባዡ  ዳሸን  ቢራ ነበሩ።  እኔ ተሸጬ  ሁሉም  ነገር በሆነ።  የመጽሐፍ,handwritten
23156,hand_904_line_10.png,ጎበኟት።  የመጀመሪያው  ምድብ  የመጨረሻዎቹ  ጨዋታዎች  ማክሰኞ  ሲደረጉ  በቅድሚያ,handwritten
21999,hand_915_line_10.png,ይኼ  ነው ተብሎ  ሲገለፅልዎ  እውነታውን  ላለመቀበል  አሻፈረኝ  ብለው  ከራስዎ  ጋር,handwritten
21998,hand_915_line_9.png,ግጥሞች  / 1981 / በሚለው  ዝክረ  ጽሑፋቸው  እንዲህ  ደምድመውታል።  ትክክለኛ  ሥፍራዎ,handwritten
21997,hand_915_line_8.png,ተቆርቋሪው  የሥነ  ጥበብ  ታሪክ  ምሁር  ሥዩም  ወልዴ  የሠዓሊ  ገብረክርስቶስ  ደስታ,handwritten
2795,hand_957_line_11.png,ጋር በቅርብ ይሰራል 12 .6 .9,handwritten
2794,hand_957_line_10.png,ይቀሰቅሳል ፤ በእድሮች ፤ 12 .6 .8 ለስራዉ መሳካት ከህዝብ ግንኑነትና ከድርጅት ጉዳይ ሃላፊ,handwritten
2793,hand_957_line_9.png,ይቀይሳል 12 .6 .7 የተለያዩ ህብረተሰብ ክፍሎች ላይ ያተኮረ ቅስቀሳ ፤ ስብሰባ በማዘጋጀት ፤ ወረቀት በመበተንና በመሳሰሉት,handwritten
28163,hand_999_line_7.png,ሤራ ዋናው  ተቃውሞው  የወልድን  አምላክነት  ፣ የድንግል  ማርያምን  ክብርና  አማላጅነት  ፣ የታቦትንና  የመስቀልን  ክብር  ፣ የቅዱሳንን,handwritten
28162,hand_999_line_6.png,የተሐድሶ,handwritten
28161,hand_999_line_5.png,ያሉ ትኬቶች  ሁልጊዜ  ስለሚያገኝ  መሆኑን  ተገነዘብኩ።  ለምሳሌ  ፣ ሩቅ ሳንሔድ  ዛሬ ቤተ ክርስቲያናችንን  እየተፈታተነ  ያለው,handwritten
28164,hand_999_line_8.png,ክብርና  አማላጅነት  ነው።  የተሻሻለው  የጡረታ  አዋጅ  የኮንትራት  ተቀጣሪዎችን  መብት  የሚያስጠብቅ,handwritten
28163,hand_999_line_7.png,ሤራ ዋናው  ተቃውሞው  የወልድን  አምላክነት  ፣ የድንግል  ማርያምን  ክብርና  አማላጅነት  ፣ የታቦትንና  የመስቀልን  ክብር  ፣ የቅዱሳንን,handwritten
28162,hand_999_line_6.png,የተሐድሶ,handwritten
10644,hand_1020_line_6.png,ትንሣኤና  ከዕርገት  ቀጥሎ  ከጌታችን  ከመድኃኒታችን  ከኢየሱስ  ክርስቶስ  ከዘጠኙ  ዓበይት  በዐላት,handwritten
10643,hand_1020_line_4.png,ለመጣስ  በሚሞክር  ማንኛወም  በራሪ  አካል  ላይ እርምጃ  እንዲወስድ  መመሪያ  እንደተሰጠ,handwritten
10642,hand_1020_line_2.png,ከአውሮፓ  ምክር  ቤት ፕሬዚዳንት  ዶናልድ  ተስክና  ከሌሎች  ባለሥልጣኖች  ጋር በጉዳዩ  ላይ መነጋገራቸው,handwritten
19321,hand_1028_line_6.png,ካቶሊኮቹን  በ 1846 ከአገር  ሲያባርሩ  ኢትዮጵያዊ  ደጋፊወቻቸውን  እንዲታሰሩ,handwritten
19320,hand_1028_line_5.png,አቡነ  ሰላማ  በሌላ  ወገን  ባስነሱት  የግል  ጥል ምክንያት  አጼቴዎድሮስ,handwritten
19319,hand_1028_line_4.png,የሚወነጨፉ  ወዘተ  ናቸው።  ጃኮቢና  ጉስቲኖ  የተሰኙ  ካቶሊኮች  በአንድ  ወገን,handwritten
30740,hand_1038_line_7.png,የትዳር  ጓደኛ  መፈለጋቸው  የተለመደ  ሲሆን  ሩት ደግሞ  ለኑኃሚን  እንደ  ልጇ,handwritten
30739,hand_1038_line_6.png,ፍለጋ  ዞር ዞር ልል ወጣሁ።  ( ሩት 3 : 1 ) በዚያ  ዘመን  ወላጆች  ለልጆቻቸው,handwritten
30738,hand_1038_line_5.png,ሕዝብ  !። ማንጠግቦሽ  እጇ ይባረክና  ምን የመሰለ  ምሳ አብልታኝ  እንጀራዬን,handwritten
13070,hand_1071_line_9.png,እንዴት  ይሆናል  ?። አሁን  ለአምላክ  እጇን  ሰጠች።  እርሷንም  አገኟትና,handwritten
13069,hand_1071_line_8.png,አሉት  ፤ እሱም  አረ ይህ ነገር አይመስልም  ሞት  በጥር  በነሐሴ  መቃብር,handwritten
13068,hand_1071_line_7.png,እንዴት  ሆነ በማለት  መየቃቸው  ፤ እነሱም  ጌታ አምጥቶልን  ቀበርናት,handwritten
27785,hand_1074_line_9.png,በአሕዛብም  ፊት ምስክር  ትሆናላችሁ  በማለት  የተናገረው  ትንቢት  ፍጻሜ  ነው።,handwritten
27784,hand_1074_line_8.png,ጀመሩ።  ይህ ኢየሱስ  በእኔ  ምክንያት  ወደ ገዦችና  ወደ ነገሥታት  ትወሰዳላችሁ  ፤ በእነርሱና,handwritten
27783,hand_1074_line_6.png,ሪፑብሊክ  ፕሬዚዳንት  ሆነው  የተሾሙት  ፕሉታርኮ  ኤሊያስ  ካሊየስ  በ 1925 መጀመሪያዎቹ  ላይ,handwritten
2096,hand_1147_line_9.png,ይሁን  እንጂ ያገኟቸውን  መልካም  አጋጣሚዎች  ባለመጠቀማቸው  በመልሱ  ጨዋታ ጫና  ውስጥ,handwritten
2095,hand_1147_line_7.png,ሆኜ በነበረኝ  ክብር  አሁንም  በጎንህ  አድርገህ  አክብረኝ።  የውድድሩ  መክፈቻና ትልቅ  ትኩረት  ከሚሰጠው,handwritten
2094,hand_1147_line_6.png,ከዚያም  ኢየሱስ  ፣ እንደሚከተለው  በማለት ራሱ የሚፈልገውን  ነገር ጠየቀ ፦ ዓለም  ከመመሥረቱ  በፊት  በጎንህ,handwritten
24489,hand_1152_line_5.png,አብዱልቃድር  ሞአሊም  ኖር ከተባበሩት  መንግሥታት  ድርጅት  የፀጥታው  ምክር  ቤት የሶማሊያ  ልዩ ተወካይ,handwritten
24488,hand_1152_line_4.png,የጋልሙዱግ  አስተዳደር  ፕሬዚዳንት  መሐመድ  አህመድ  አአሊም  ሱናህ  ዋል ዋል ጀማአ  ተወካይ  ካሊፍ,handwritten
24487,hand_1152_line_3.png,ዶክተር  አብዲወሊ  መሐመድ  ዓሊ ፣ የፑንትላንድ  አስተዳደር  ፕሬዚዳንት  አብዱራህማን  መሐሙድ  መሐሙድ,handwritten
21903,hand_1176_line_4.png,ተራዳኢነት  የኤጲስ  ቆጶስነቱ  በዐለ  ሢመት  በታላቅ  መንፈሳዊ  ስነ ሥርዓት  ተከብሮ,handwritten
21902,hand_1176_line_3.png,ቴዎፍሎስ  ፓትርያርክ  ዘኢትዮጵያ  አንብሮተ  እድና  በብፁዓን  ሊቃነ  ኤጲስ  ቆጶሳት,handwritten
21901,hand_1176_line_1.png,በዚሁ  የቅዱስ  ሲኖዶስ  ውሳኔ  መሠረት  ከሌሎች  ሁለት  አበው  መነ ሳት ጋር መስከረም,handwritten
25415,hand_1207_line_9.png,መሠረት  የተፈጸመ  መሆኑን  ለማጣራት  ኦዲት  ሲደረግ  ፣ በ 33 መሥርያ  ቤቶች,handwritten
25414,hand_1207_line_7.png,ይችላል  ፣ አይችልም  የሚለውን  ፍርድ  ልትሰጡ  ትችላላችሁ።  ይኼው  የዋናው,handwritten
25413,hand_1207_line_6.png,ቮሊ ቦል ፣ ቴኒስ  ወይም  ውሀ ዋና አይደለም።  ይኼ  በተጨባጭ  በኢትዮጵያ  ሊሠራ,handwritten
19842,hand_1231_line_12.png,ተሿሚዎቹ  የምክትል  ጠቅላይ  ሚኒስትርነት  ማዕረግ  ሳይሰጣቸው  በሚኒስትርነት  ማዕረግ,handwritten
19841,hand_1231_line_11.png,የሚያቀርቡትን  ልማድ  መኮረጇ  ዘመናዊ  እንደሆነች  እንዲሰማት  አድርጎ  ነበር።  አዲስ,handwritten
19840,hand_1231_line_10.png,የማገልገል  መብት  አገኘሁ።  መገናኛ  ብዙኃን  እንደ  መልካም  ነገር አድርገው,handwritten
17071,hand_1235_line_10.png,አብዱልከሪም  እና ከቢያድግልኝ  ኤልያስ  ማንን  እንደሚያሰልፉ  እና እንዲሁም  በጉዳት  እና,handwritten
17070,hand_1235_line_9.png,ምክንያት  በነበረው  የቀኝ  ተከላካይ  ስፍራ  ከሁለገቡ ወጣት  አንዳርጋቸው  ፣ ከአዲሱ  ተመራጭ,handwritten
17069,hand_1235_line_8.png,የዚህ  ስብስብ  ፍሬ ይኼ  ብቻ ነው።  ፖርቹጋላዊው  አሰልጣኝ  ግራ የተጋቡት  ለብዙ  ችግሮቻችን,handwritten
7747,hand_1246_line_2.png,የዕብራይስጥ  ቃል አምላክ  አባት  ለልጆቹ  የሚያሳየው  ዓይነት  ከአንጀት  የመነጨ  ርኅራኄ,handwritten
7746,hand_1246_line_1.png,( ቁጥር  6 ) አንድ  የመጽሐፍ  ቅዱስ  ምሑር  እንደገለጹት  መሐሪ  ተብሎ  የተተረጎመው,handwritten
9948,hand_1245_line_10.png,በዚያኑ  ልክ ሚሊዮን  ተጓዦች  በእነዚህ  ጎዳናዎች  ሽር ሲሉባቸው  ይስተዋላል  በእግርና  በተሽከርካሪ።,handwritten
10625,hand_1253_line_11.png,የሚገኙ  የተለያዩ  ዕዞች  ዋና አዛዦች  ፣ የአየር  ኃይል  ዋና አዛዥና  የፕሪንሲፓል  ስታፍ  ዋና,handwritten
10624,hand_1253_line_10.png,ጨርሳ  ለማታውቀው  ሰ ን እንዳሠረላት  አድርገው  ነው።  ( የካውንሱሉ  አባላት  በሠራዊቱ  ውስጥ,handwritten
10623,hand_1253_line_9.png,የቆጠሩት  ፣ የእስራኤል  መንግስት  ከከበረ  ድንጋይ  ያሠራውን  ድንቅና  ውድ  የአንገት  ጌጥ ምንነቱንና  ዋጋውን,handwritten
23083,hand_1295_line_7.png,የመነጩ  ስድስት  አማራጮችን  በኢትዮጵያ  ላይ ለመጠቀም  ማሠቡ  ነው።  በመርከቡ  ያሉ ተጓዦችና,handwritten
23082,hand_1295_line_6.png,መላምት  የሚያጠናክርልን  ከዚሁ  ሃፍረተ  ቢስ ንግግራቸው  በኋላ  የሙርሢ  መንግስት  ከውይይቱ,handwritten
23081,hand_1295_line_5.png,ርጅቶች  ተመችቶናል።  ሌላውና  ሆን ብለው  በቀጥታ  ሥርጭት  እየተላለፈ  መናገር  ፈልገዋል  የሚለውን,handwritten
25533,hand_1299_line_12.png,ከዴጉ  ዓለም  ሻምፒዮና  የተሻለ  ውጤት  መጣ።  አሁን  እየሆነ  ያለው  ይኼው,handwritten
25532,hand_1299_line_10.png,ቁርጥ  ውሳኔ  አደረግሁ።  ይኼ  ሁሉ አልፎ  አጥጋቢ  ነው ተብሎ  ባይታመንም  ፣,handwritten
25531,hand_1299_line_9.png,ለመኖር  ይኸውም  ሕይወትን  ማጣጣም  እንዳለብኝ  ፈጽሞ  ላለመርሳት,handwritten
33422,hand_1340_line_5.png,ቀን የተሰበሰቡ ሕዝብ ኃጢአታቸው በታወቃቸው ጊዜ ምን እናድርግ ብለው  እየጮሁ እንዳደረጉ ይህነውን  ጥያቄ  የሚጠይቁ,handwritten
33421,hand_1340_line_3.png,ዮሐንስ ዘመነ መንግስት ጀምሮ ቢታወቅም በድጋሚ የምናየው  በንግስት  ዘውዲቱ  ዘመነ  መንግስት  ነው። በሚቀጥለው,handwritten
33420,hand_1340_line_2.png,አማኝ ክርስቲያን ደም ውስጥ  ማደሩ  የግድ  ነው። ይህ በዚህ እንዳለ አሁን የምንጠቀምበት ዓላማ ምንም  እንኳ  ከአጼ,handwritten
32537,hand_1342_line_5.png,ነገር ግን አገር በቀል  ባንዳዎች  ለእንግዝሊዝ  ጦር መረጃ  እያቀበሉ  የአጼ  ቴዎድሮስ  ኃይል  እንዲሳሳ  ማድረጋቸው,handwritten
32536,hand_1342_line_4.png,መርምሮ  መንፈቀ  ንስጥሮሳውያን  ሆነው  ስላገኛቸው  በጊዜያዊ  ውግዘት  ተቀጥተውና  ታስረው  እንዲቆዩ  ተደረገ።,handwritten
32535,hand_1342_line_2.png,ሠራተኞችና  የስብከተ  ወንጌል  መምሪያ  ሥጦታ  አበርክተውላቸዋል።  በዕለቱ  አባ መዝገበ  ሥላሴ  ክፍሌም  ብጹዕ አቡነ  ጎርጎሪዎስ,handwritten
32538,hand_1342_line_6.png,አልቀረም።  ይኼኔ  ነው የምፈልገውን  ያገኘሁት።  እና በዚህ  6 ዓመት  የሰንበት  ት / ቤት ቆይታዬ  አሁን  ሆኜ ስመዝነው,handwritten
32537,hand_1342_line_5.png,ነገር ግን አገር በቀል  ባንዳዎች  ለእንግዝሊዝ  ጦር መረጃ  እያቀበሉ  የአጼ  ቴዎድሮስ  ኃይል  እንዲሳሳ  ማድረጋቸው,handwritten
32536,hand_1342_line_4.png,መርምሮ  መንፈቀ  ንስጥሮሳውያን  ሆነው  ስላገኛቸው  በጊዜያዊ  ውግዘት  ተቀጥተውና  ታስረው  እንዲቆዩ  ተደረገ።,handwritten
32539,hand_1342_line_7.png,ያሳለፍኩትን  ሁኔታ  ጠቅለል  አድርጌ  ለመግለጽ  እንደሞከርኩት  ቀላል  አይደለም  ብዙ ፈተናዎችን  አልፈናል  ብዙ,handwritten
32538,hand_1342_line_6.png,አልቀረም።  ይኼኔ  ነው የምፈልገውን  ያገኘሁት።  እና በዚህ  6 ዓመት  የሰንበት  ት / ቤት ቆይታዬ  አሁን  ሆኜ ስመዝነው,handwritten
32537,hand_1342_line_5.png,ነገር ግን አገር በቀል  ባንዳዎች  ለእንግዝሊዝ  ጦር መረጃ  እያቀበሉ  የአጼ  ቴዎድሮስ  ኃይል  እንዲሳሳ  ማድረጋቸው,handwritten
8170,hand_1345_line_6.png,የአማፅያን  ቡድን  ከጥቂት  ዓመታት  ወዲህ  ከበርካታ  አዛዦቹ  መገደል  ጋር ተያይዞ  ክስረት  እየደረሰበት  እንደመጣ,handwritten
8169,hand_1345_line_4.png,ኳስ ፌደሬሽን  ባለሥልጣናትን  ዋቢ በማድረግና  የአገሪቱን  ጋዜጣ  ዘ ቮይስ  በመጥቀስ  ቢቢሲ  እንደዝገበው  ፤,handwritten
8168,hand_1345_line_3.png,መንግሥቱ  መናገር  ነው የሚለውን  ሐሳብ  ደግማ  በመናገር  ያቀረበችውን  የጽሑፍ  ሥራ  ደመደመች።  የቦትስዋና እግር,handwritten
8171,hand_1345_line_8.png,ከፍ ባለ ዙፋን  ላይ ነበር ጌታችን  ሰው  ሆኖ ሥጋን  ሲዋኻድም  ከፍጥረታት  ሁሉ ከፍ ያለውን  አማናዊ  ዙፋን,handwritten
8170,hand_1345_line_6.png,የአማፅያን  ቡድን  ከጥቂት  ዓመታት  ወዲህ  ከበርካታ  አዛዦቹ  መገደል  ጋር ተያይዞ  ክስረት  እየደረሰበት  እንደመጣ,handwritten
8169,hand_1345_line_4.png,ኳስ ፌደሬሽን  ባለሥልጣናትን  ዋቢ በማድረግና  የአገሪቱን  ጋዜጣ  ዘ ቮይስ  በመጥቀስ  ቢቢሲ  እንደዝገበው  ፤,handwritten
20947,hand_1376_line_6.png,የተለያዩ  የግብፅ  አርቲስቶች  መጥተው  እዚህ  ኢትዮጵያ  ውስጥ  ትርዒታቸውን  አሳይተዋል።  የእኛም  የእናንተም  ሰዎች  ይኼንን  በአግባቡ  የሚገነዘቡ,handwritten
20946,hand_1376_line_5.png,የሆነችው  ወ / ሮ ያማቱ  ናስር  ፤ ወደ በደሌ  ሆስፒታል  የመጣችው  አራተኛ  ልጇን  ለመገላገል  ነው።  ይኼ  በፍፁም  የማይጠቅመን  አካሄድ  ነው።,handwritten
28640,hand_1375_line_10.png,ባህሉን  ለማሳደግ  የሚያስችል  እድል  አልነበረውም  ብለዋል።,handwritten
30457,hand_1400_line_10.png,ገብረፃድቅ  ከሲዳማ  እንዲሁም  ኤማኑኤል  ፌቮ ከአዳማ  በኩል  በቀይ  ካርድ  ከሜዳ,handwritten
30456,hand_1400_line_9.png,ልጃገረድ ናት።  ሱሌይማን  መሀመድ  እና ቢኒያም  አየለ  ለአዳማ  ጎሎቹን ሲያስቆጥሩ  ተመስገን,handwritten
30455,hand_1400_line_8.png,ከእናንተ  መካከል  ከዚህ  የሚብስ  ምን ያገኟል  ?። አዒሻ  ከነብዩ  ባለቤቶች መካከል  ብቸኛዋ,handwritten
29634,hand_1404_line_4.png,መንግስት  ሲሆን  ይኸውም  ከሸዋ  ቡልጋ  አውራጃ  ተነስተው  አበው  አባቶች ሲመጡ  ጌታቸው  መድሀኒታቸው  ኢየሱስ  ክርስቶስ,handwritten
29633,hand_1404_line_3.png,ድራማ  ደራሢውም  ፣ አርታዒውም  ፣ አዘጋጁም  ፣ ፕሮዲዩሰሩም  ኢህአዴግ  ነው። ) በአክሱም  ንጉስ  በአጼ  አልአሜዳ  ዘመነ,handwritten
29632,hand_1404_line_2.png,ሕዝብ  ግንኙነት  አቶ ባያብል ሙላቴ  ናቸው።  የገዳሙን  ሰው አመስግኜ  ወደ ጣና ዳር ተጠጋሁ።  በኢቲቪ የሚሠራጭ  ፖለቲካዊ,handwritten
146,hand_1409_line_3.png,ጳጳሳት  ዘመን  አባ ዮሐንስም  ኤጲስ  ቆጶስነት በተሸመበት  ወራት  ከግብፅ  ወደ ኢትዮጵያ  በመጡ  በሶት  ዓመት,handwritten
145,hand_1409_line_2.png,"ነገር ትዝ ብሎት  እንዴ  አንተ ልጅ መንጃ  ፈቃድህን  እንዴት  እያደረግክ  ነው ?። ቃሉ "" አባ ሚካኤልና  አባ ገብርኤል  በሚባሉ",handwritten
144,hand_1409_line_1.png,ጉዳይ  ገጥሟችሁ  የምትሄዱበት  ቦታ ሁሉ ይኼ  መፈክር  ከምንም  ነገር በላይ ጎልቶ  ይሰማል።  ሾፌሩ  ይኼኔ  የሆነ  የዘነጋው,handwritten
147,hand_1409_line_4.png,የሥርዓታቸውም  መጽሐፍ  ከዐረብ  ቋንቋ  ለኢትዮጵያ  ሰዎች  በግዕዝ  ቋንቋ  ተተረጎመች  ቆስጠንጢኖስ  የተባለ  ንጉሳችን,handwritten
146,hand_1409_line_3.png,ጳጳሳት  ዘመን  አባ ዮሐንስም  ኤጲስ  ቆጶስነት በተሸመበት  ወራት  ከግብፅ  ወደ ኢትዮጵያ  በመጡ  በሶት  ዓመት,handwritten
145,hand_1409_line_2.png,"ነገር ትዝ ብሎት  እንዴ  አንተ ልጅ መንጃ  ፈቃድህን  እንዴት  እያደረግክ  ነው ?። ቃሉ "" አባ ሚካኤልና  አባ ገብርኤል  በሚባሉ",handwritten
3728,hand_1423_line_9.png,ባስተማሩት  ጎጃሜው  አባ ገብረሚካኤል  ( በአጼ  ቴዎድሮስ  ታስረው  ሳለ ስላረፉ,handwritten
3727,hand_1423_line_8.png,ፕሮቴስታንታዊ  ትምህርት  ባስተማሩት  ጎንደሬው  አለቃ  ታዬ ፣ ካቶሊካዊ  ትምህርት,handwritten
3726,hand_1423_line_7.png,ለራሴ  በማስታወስ  ነው።  ይሕ ደግሞ  በእሱ  ላይ ብቻ ሳይሆን  ቀደም  ሲል,handwritten
6874,hand_1428_line_10.png,መልካም  ነገር ሊቀ ካህናት  ሆኖ የሰው  እጅ ወደ አልሠራት  በዚህ  ዓለም,handwritten
6873,hand_1428_line_9.png,ናት ፤ አዲስ  መስመር  ይውረዱና  ያገኟታል።  ክርስቶስ  ግን ለምትመጣይቱ,handwritten
6872,hand_1428_line_8.png,ትንሽ  ዋዛ እንጨምርበት  ፤ ለመሳቅ  ይዘጋጁ  በእርስዎ  ላይ የተቀለደች  አንዲት  ቀልድ,handwritten
6955,hand_1429_line_10.png,ያልተፈታ  ህልም  ያላቸው  ወያኔዎች  ማድረግ  የተሳናቸውን  ሁሉ በጭካኔ  ለማድረግ,handwritten
6954,hand_1429_line_9.png,በፓርላማ  ውስጥ  ለማከናወን  መሞከር  የማይታሰብ  ህልም  ወይንም  ታስቦ,handwritten
6953,hand_1429_line_8.png,ህገ ወጥ  የሆነውን  ይኼንኑ  የሚንስትሮች  ምርጫ  ቅድሞ  አዘጋጅቶ  ለይስሙላ,handwritten
2405,hand_1432_line_4.png,የሚያሳዝን  አንዳች  ነገር ፈፅሜያለሁ  ብዬ አላምንም።  በሀገራችን  በአጼው  ፣ በደርግ  እና በኢህአዴግ  ዘመነ  -,handwritten
2404,hand_1432_line_3.png,በደሃዋሃገሬ  ጥቅም  ላይ አልተነሳሁም  ፤ ይሄን  በማድረጌ  ፈጣሪዬን  ፣ የኢትዮጵያን ህዝብም  ሆነ ህሊናዬን,handwritten
2403,hand_1432_line_1.png,አብረውን  ከሄዱት  ልጆች  መካከል  አንደኛው  ወደ መንደር  ገባና  ቁልፍ  ያዡን ዲያቆን  ጠራው።  ይኼን,handwritten
2406,hand_1432_line_5.png,መንግስታት  ተደርገው የነበሩ  ምርጫዎች  የአጼውን  ፣ የደርጉንና  የኢህአዴግን የአገዛዝ  ስርዓቶች  የስልጣን,handwritten
2405,hand_1432_line_4.png,የሚያሳዝን  አንዳች  ነገር ፈፅሜያለሁ  ብዬ አላምንም።  በሀገራችን  በአጼው  ፣ በደርግ  እና በኢህአዴግ  ዘመነ  -,handwritten
2404,hand_1432_line_3.png,በደሃዋሃገሬ  ጥቅም  ላይ አልተነሳሁም  ፤ ይሄን  በማድረጌ  ፈጣሪዬን  ፣ የኢትዮጵያን ህዝብም  ሆነ ህሊናዬን,handwritten
2407,hand_1432_line_6.png,ዘመን  ለማራዛም  የተደረጉ  ( ) ምርጫዎች  እንጂ  አንዳቸውም የዴሞክራሲዊ ምርጫ  ባህሪያትን,handwritten
2406,hand_1432_line_5.png,መንግስታት  ተደርገው የነበሩ  ምርጫዎች  የአጼውን  ፣ የደርጉንና  የኢህአዴግን የአገዛዝ  ስርዓቶች  የስልጣን,handwritten
2405,hand_1432_line_4.png,የሚያሳዝን  አንዳች  ነገር ፈፅሜያለሁ  ብዬ አላምንም።  በሀገራችን  በአጼው  ፣ በደርግ  እና በኢህአዴግ  ዘመነ  -,handwritten
1583,hand_1437_line_7.png,መቀበሩን  ነው።  ለመሆኑ  ንጉሤ  ቤተክርስቲያኒቱን  ለማወክ  ከማፍያዎቹ  ጋር የተስማማኸው  በስንት,handwritten
1582,hand_1437_line_6.png,በኋላ  የሐዋርያው  ቅዱስ  ይሁዳ  አጽም  ከቤሩት  ወደ ሮም  ተወስዶ  በቅዱስ ጰጥሮስ  ባዘሊካ  ውስጥ,handwritten
1581,hand_1437_line_5.png,ክሪስፒ  ሽምቅቅ  እንዳለ  ስራውን  ለቀቀ።  ከትውፊት እንደምንረዳው  ከሞቱ ከተወሰኑት  ዓመታት,handwritten
31851,hand_1446_line_2.png,ያሉዋቸው  ሰው  መገኘታዠውን  ነግረውናል።  የምዕራቡ  ዒ ም በኢትዮጵያ  ኦርቶድክስ  ክርስትና  ሊይ ከኢስሊም  ይሻለናሌ  የሚሌ  ምርጫ  እንጂ,handwritten
31850,hand_1446_line_1.png,በዚህ  ስብሰባ  ላይ ዋናው  ሰውዬ  ( ይሣያስ  አፈወርቂ  መሆናቸው  ነው ) ይገኛሉ  ብለው  ጠብቀው  የነበረ  ቢሆንም  ፣ እንዳልተገኙና  ከእሣቸው  ቀጥሎ  ያሉ,handwritten
33629,hand_1445_line_6.png,፣ እርሱ  ራሱ አዝረክርኮት  ይሁን  አላውቅም  እንጂ  ፤ እርሱ  አባራሪ  ( በጊዜው  ) ፣ እኔ ተባራሬ  ሆኜ ኋላና  ፊት ፊንፊኔ  መግባታችንን  ሳያውቀው  ቀርቶ  ነው ?።,handwritten
3498,hand_1451_line_8.png,እንቅስቃሴዎች  እየተከናወኑ  መሆኑን  ለማወቅ  ተችሏል  ፣። ይኼ  መፍትሔ,handwritten
3497,hand_1451_line_7.png,አጋርነትቱን  እንዲያረጋግጥ  የሚያስችሉ  ሰፊ የሆኑ  የቅስቀሳና  የማደራጀት,handwritten
3496,hand_1451_line_6.png,ከኢትዮጵያ  ሕዝብ  አርበኞች  ግንባር  ጎን በመቆም  ሁለንተናዊ  የትግል,handwritten
6577,hand_1456_line_8.png,ነውና።  የኛዎቹ  ኢትዮጵያኒስቶች  ሊያምናቸው  ግዳጅ  ያለበት  ባይኖርም,handwritten
6576,hand_1456_line_7.png,ያረጋጋ  ፣ ያጽናና  እና ጥብዓት  / ጽፍረት  / የሰጣቸው  እግዚአብሔር  መንፈስ  ቅዱስ,handwritten
6575,hand_1456_line_6.png,ተጽፈው  ነበር።  ሐዋርያትን  ከበዓለ  ጰንጠቆስጤ  / ከበዓለ  ጰራቅሊጦስ  / በኋላ,handwritten
32573,hand_1460_line_8.png,አገራዊ  ጉዳይ  ያማከለ  የግንዛቤ  ማስጨበጫ  ዓውደ  ጥናት  እንደሚያዘጋጅ  በዕቅድ  መያዙን,handwritten
32572,hand_1460_line_7.png,ስለሆኑ  በእነርሱ  አንገረምም።  ዶ / ር አረጋ  ዩኒቨርሲቲው  በዓመቱ  መጀመሪያ  ይህንን  መሰሉን,handwritten
32571,hand_1460_line_6.png,ሥዕል  ውስጥ  እንኳን  በሥዕሉ  መጠን  እየመሰላቸው  ጌታ ያነሰ የሚመስላቸው  ማስተዋል  የራቃቸው,handwritten
32574,hand_1460_line_9.png,ጠቁመው  በዚህ  ምክንያት  ሁሉም  የቴክኖሎጂ  ግሩፑ  ኩባንያ  ሠራተኞች  በዓውደ  ጥናቱ  ላይ,handwritten
32573,hand_1460_line_8.png,አገራዊ  ጉዳይ  ያማከለ  የግንዛቤ  ማስጨበጫ  ዓውደ  ጥናት  እንደሚያዘጋጅ  በዕቅድ  መያዙን,handwritten
32572,hand_1460_line_7.png,ስለሆኑ  በእነርሱ  አንገረምም።  ዶ / ር አረጋ  ዩኒቨርሲቲው  በዓመቱ  መጀመሪያ  ይህንን  መሰሉን,handwritten
24042,hand_1514_line_6.png,በላይኛው  ኮሚቴ  መሪነት  በህገ  መንግስቱ  እና በሌሎች  ህጎች  ካላቸው  ራዕይ,handwritten
24041,hand_1514_line_5.png,እንደ  ሞዴል  በመውሰድ  በማእከል  ገምግሞ  ሌሎች  ሚኒስቴር  መስርያ  ቤቶችም,handwritten
24040,hand_1514_line_4.png,ስራ አስፈፃሚው  እጅግ  ግዙፍ  በመሆኑ  ከዋናዎቹ  ዘርፎች  ( ) የተወሰኑትን  መርጦ,handwritten
21069,hand_1529_line_6.png,በኋላ  እኔን  ጨምሮ  13 ተከሳሾችን  ፍ / ቤቱ መከላከል  ሳያስፈልጋቸው  በነጻ ይሰናበቱ  ሲል ውሳኔ  በመስጠቱ  ነጻ መሆን  ችያለሁ።  * --- ቦጋለ  ዳኜ,handwritten
21068,hand_1529_line_5.png,በተሰረዘ  ፈቃድ  ሰርታችሃል  በሚል  ክስ ከተመሰረተባቸው  14 ያህል  ሰራተኞች  አንዱ  ሆኜ አንድ  ዓመት  ተኩል  ጊዜያት  ያህል  ፍ / ቤት ከተመላለስኩ,handwritten
21067,hand_1529_line_4.png,በአጋጣሚ  ሁለቱ  የቀድሞ  ክሶች  ከፖሊስ  ያላለፉ  ሲሆን  አንደኛው  ማለትም  የኒቲ  የኒቨርሲቲ  ያሳትመው  የነበረው  ኤቢቢአይ  ዊክሊ  የተባለው  ጋዜጣ,handwritten
4646,hand_1551_line_8.png,መታሰቢያህን  የሚያደርገውን  ሁሉ መሸከም  እንደምትችል  ከሲኦል  ሦስት  ጊዜ በክንፎችኛ  ተሸክመህ  እንድታወጣ  እነሆ,handwritten
4645,hand_1551_line_7.png,የክብር  ባለቤት  ጌታችንም  እንዲህ  ብሎ  ይመልስለታል  ፤ የመንፈሳውያን  ሰማያውያን  መላእክት  አለቃቸው  ሚካኤል  ሆይ,handwritten
4644,hand_1551_line_6.png,ፓትርያርክ  በመምረጥና  በመመረጥ  ሂደትም  አብረው  እንዲሠሩ  ፣ በሙሉ  ልብ ቢጋብዝም  መልሱ  አይሆንም  ሆኖአል።,handwritten
5671,hand_1557_line_7.png,እርጥበት  መፍጠር  ባለመቻሉ  በማሳዬ  ላይ የዘራሁትን  ማሽላ  ገልብጬ  ሽምብራ  ዘርቼበታለሁ  ብለዋል።  ርዕዩት  እዳቺ,handwritten
5670,hand_1557_line_6.png,አዘቦ  ወረዳ  ነዋሪው  አቶ ሃለፎም  አብርሃ  በሰጡት  አስተያየት  በክረምት  ወራት  የጣለው  ዝናብ  አነስተኛ  ሆኖ የአፈር,handwritten
5669,hand_1557_line_5.png,ሁኔታና  እምሩም  በጠላት  እጅ ለመውደቅ  ያበቃቸውን  አጋጣሚ  አይገልጥም።  ከዞኑ  አርሶ  አደሮች  መካከል  የራያ,handwritten
18241,hand_1588_line_12.png,ቸውም  በጉዞው  ከጎናቸው  ሻጥ ተደርጋለች።  የቅድስት  ሥላሴ  አስተዳዳሪ,handwritten
18240,hand_1588_line_11.png,ቋንቋውን  ማሳወቅ  ፣ ማስከበር  ነው።  ከጅጅጋ  ያገኟት  ባለጸጋዋ  ሁለተኛይቱ  ሚስታ,handwritten
18239,hand_1588_line_10.png,6-18 ፡ 29 / ዘኁል  .። መሆን  የምፈልገው  ፤ ይዤ የተነሳሁትም  የአገሬን  ባህል  ፣,handwritten
12319,hand_1654_line_8.png,ለመምጣት የሚያስችላቸው ጎዳናዎች እንዚህን ሁሉ ማለፍ ይጠበቅባቸዋል በመጀመሪያ ዲያቆን ፣,handwritten
12318,hand_1654_line_7.png,ባለቤቱ ሚርያም ፣ ኤሪካ ፣ እኔ ፣ ልጄ ቮልፍገን እና ባለቤቱ ዩልያ። በወንዶች ደግሞ ወደ ፓትርያርክነት,handwritten
12317,hand_1654_line_6.png,እዚያም እዚህ የነገር ብልጭታ እያሳዩ ይገኛሉ። ከግራ ወደ ቀኝ : - የልጅ ልጄ ዮናታን እና,handwritten
18089,hand_1681_line_6.png,በመንግሥት  ላይ ዓመፅ  የሚያነሳሳና  ስም የሚያጠፋ  ጽሑፍ  በማሠራጨታቸው  የተፈረደባቸው,handwritten
18088,hand_1681_line_4.png,በርኅራኄና  በቸርነት  አያቸው።  አብዮት  ደግሞ  ቤተመንግሥት  ብቻ ሳይሆን  መንደር  ለመንደርም,handwritten
18087,hand_1681_line_3.png,የማገለግል  የጉባኤው  አባል  ነኝን ?። ሐዋሪያትስ  አሢረው  ያታለሉት  ማንን  ነው ?። ግን እርሱ,handwritten
18090,hand_1681_line_7.png,ሲሆን  ትንሿ  ሉሲል  እንኳ  ወህኒ  ቤት ሁለት  ቀን ቆይታለች።  እኔ ብያለሁም  ያውም  ድምጼን,handwritten
18089,hand_1681_line_6.png,በመንግሥት  ላይ ዓመፅ  የሚያነሳሳና  ስም የሚያጠፋ  ጽሑፍ  በማሠራጨታቸው  የተፈረደባቸው,handwritten
18088,hand_1681_line_4.png,በርኅራኄና  በቸርነት  አያቸው።  አብዮት  ደግሞ  ቤተመንግሥት  ብቻ ሳይሆን  መንደር  ለመንደርም,handwritten
18018,hand_1685_line_10.png,አለመቻሏንና  ያላት  ዕድል  ለፖሊስ  ማሳወቅ  በመሆኑ  ፣ ለፖሊስ  አስመዝግባ  እስከዛሬዋ  ቀን,handwritten
18017,hand_1685_line_9.png,በመጮህ  ልጇ መጥፋቷን  በግቢው  ብታውጅም  ፣ ሕፃኗን  ይዛ የተሰወረችውን  ወጣት  ማግኘት,handwritten
18016,hand_1685_line_8.png,በአገልግሎት  ኮሚቴ  ውስጥ  በመሥራት  ለበላይ  አካሉ  ረዳት  ሆኜ እያገለገልኩ  ነው።  በወቅቱ,handwritten
9232,hand_1737_line_7.png,ጺዮን  ገብረሚካኤል  ይህንን  የተናገሩት  ሰሞኑን  ከአዲስ  አበባ  ዩኒቨርስቲ,handwritten
9231,hand_1737_line_6.png,በቅርቡ  የተመረጡት  የየኢንፎርሜሽንና  ኮሚኒኬሽን  ቴክኖሎጂ  ሚኒስትሩ  ዶ / ር ደብረ,handwritten
9230,hand_1737_line_3.png,የመንግስት  ባለስልጣናትንና  የመከላከያ  ሰራዊት  አዛዦችን  ስም ዝርዝር  የያዘ  የክስ,handwritten
12340,hand_1763_line_10.png,የጠ / ቤተ ክህነት  ምክትል  ሥራ  አስኪያጅ  የመላዋ  ቤተ ክርስቲያናችን  የ 2 ዐዐ 3 በጀት  ዓመት,handwritten
12339,hand_1763_line_9.png,የጋምቤላ  አህጉረ  ስብከት  ሊቀ ጳጳስና  በክቡር  ንቡረ  እድ ኤልያስ  አብርሐ,handwritten
12338,hand_1763_line_8.png,መሠረት  በብፁዕ  አቡነ  ፊልጶስ  የጠ / ቤተ ክህነት  ዋና ሥራ  አስኪያጅ  ፣ የኢሉባቦርና,handwritten
12298,hand_1766_line_7.png,ምዕራብ  ተገዦቹ  አመጹበት  ፣። ጃቢር  በኢማም  ጃዕፈር  አስ ሣዲቅ  እና የኦማያድ  ሠርወ,handwritten
12297,hand_1766_line_6.png,ለሕዝቡ  ታስቦለት  ሳይሆን  ፣ ሕዝቡን  እንዴት  ልሰረው  ተብሎ  የመጣ  ነው።  ከምሥራቅ  እስከ,handwritten
12296,hand_1766_line_5.png,ግመገማዊ  ጥናት  ተደረገ።  ይኼ  አሳሪ  የሆነ  አንድ  ለአምስት  የሚባል  ሥርዓት  የተዘረጋው,handwritten
11575,hand_1769_line_4.png,አባራሪ  ፤ ትግሬ።  ኢቮን  ያሰቡት  ስላልተሳካላቸው  የዋጋ  ቢስነት  ስሜት  ላደረባቸው  ሰዎች,handwritten
11574,hand_1769_line_3.png,ማደር  ያለበት  ብሎ  እንዳመነና  እንደተነሳ  ፤ ሁሉ በመንግስቱ  ስራ ፈላጭ  ቆራጭ  ቀጣሪ,handwritten
11573,hand_1769_line_2.png,ኢትዮጵያም  እነሆ  ሀያ ሁለት  አመታት  ወያኔ  መላው  ኢትዮጵያ  በትግሬ  ስር ነው,handwritten
11576,hand_1769_line_5.png,የሚከተለውን  ምክር  ትለግሳለች  : - ጥረት  ማድረጋችሁን  አታቋርጡ።  ይኼ  የአንድ  ፖለቲካ,handwritten
11575,hand_1769_line_4.png,አባራሪ  ፤ ትግሬ።  ኢቮን  ያሰቡት  ስላልተሳካላቸው  የዋጋ  ቢስነት  ስሜት  ላደረባቸው  ሰዎች,handwritten
11574,hand_1769_line_3.png,ማደር  ያለበት  ብሎ  እንዳመነና  እንደተነሳ  ፤ ሁሉ በመንግስቱ  ስራ ፈላጭ  ቆራጭ  ቀጣሪ,handwritten
19520,hand_1771_line_6.png,ኢየሱስ  የተናገራቸው  ቃላት  እውነተኛ መሆናቸውን  ተገንዝቤያለሁ።  ይህ በ መካ  አሁን  ያለው,handwritten
19519,hand_1771_line_5.png,ያህል  ሚስዮናዊ  ሆኜ ያገለገልኩ  ሲሆን  አሁን  80 ዓመት  አልፎኛል ባሳለፍኩት  ሕይወት,handwritten
19518,hand_1771_line_4.png,ቡድኑ  ለሦስተኛ  ጊዜ ተሳትፎ  ሁለት  የብር  እና አንድ  የነሐስ  ሜዳሊያዎች  አግኝቷል።  ለ 40 ዓመታት,handwritten
19521,hand_1771_line_7.png,እና ካዕባ  በመባል  የሚታወቀው  ግንብ  በነብዩ  ኢብራሂም  አብርሃም  እና ልጃቸው  ዒስማኤል  የተሰራ  ነው,handwritten
19520,hand_1771_line_6.png,ኢየሱስ  የተናገራቸው  ቃላት  እውነተኛ መሆናቸውን  ተገንዝቤያለሁ።  ይህ በ መካ  አሁን  ያለው,handwritten
19519,hand_1771_line_5.png,ያህል  ሚስዮናዊ  ሆኜ ያገለገልኩ  ሲሆን  አሁን  80 ዓመት  አልፎኛል ባሳለፍኩት  ሕይወት,handwritten
25340,hand_1792_line_8.png,ሪፑብሊክ  ሆነች።  በተጨማሪም  በተለያዩ  ርእሶች  ላይ በተለያዩ  የህግ  ሙያ  የስራ  መስኮች,handwritten
25339,hand_1792_line_5.png,በየዕለቱ  ጠዋት  የሥራ  ቦታዬ  ላይ ተቀምጬ  ኃላፊነቴን  እወጣ  ነበር።  ከዚያም  ከአዳምና,handwritten
25338,hand_1792_line_4.png,ጀምራ  እየጋለች  በመምጣት  ጮክ  ብላ እሱ ለራሱ  ደመወዙ  አምስት  መቶ  ብር ነው።,handwritten
25341,hand_1792_line_9.png,ላይ በተሰማሩ  ምሁራን  ጥናታዊ  ፅሁፎች  የቀረቡ  ሲሆን  የፌሎሺፑ  ራዕይ  የማካፈል,handwritten
25340,hand_1792_line_8.png,ሪፑብሊክ  ሆነች።  በተጨማሪም  በተለያዩ  ርእሶች  ላይ በተለያዩ  የህግ  ሙያ  የስራ  መስኮች,handwritten
25339,hand_1792_line_5.png,በየዕለቱ  ጠዋት  የሥራ  ቦታዬ  ላይ ተቀምጬ  ኃላፊነቴን  እወጣ  ነበር።  ከዚያም  ከአዳምና,handwritten
26114,hand_1799_line_10.png,አደጋ  ደርሶበታል  ፤ የማሌዥያ  አየር መንገድ  አውሮፕላን  በበረራ  ቁጥር  17 እአአ  ሐምሌ,handwritten
26113,hand_1799_line_9.png,ነበረ።  አውሮፕላኑ  ከአምስተርዳም  ተነስቶ  ወደ ኩዋላላምፑር  ሲበር  ዩክሬን  ላይ,handwritten
26112,hand_1799_line_7.png,መነን  ትምህርት  ቤት ምክትል  ርዕሰ  መምህርነት  ፣ ከዚያም  የመጀመሪያዋ  ሴት ርዕሰ  መምህር,handwritten
5199,hand_1806_line_4.png,ኖሮና  ለማሕበራዊ  እድገቱ  የሚጠቀምባቸውን  የቴክኖሎጅ  ውጤቶች  መዝረፍ  ማቃጠልና  ማውደም  ሌላው,handwritten
5198,hand_1806_line_3.png,አሸምቆ  የጦር  መሳሪያ  በማፈንዳትና  በመተኮስ  ሲቢሊያንን  የሚገደል  ነው ፤ በተጨማሪም  የሰውልጅ  ለእለታዊ,handwritten
5197,hand_1806_line_2.png,በመኖረያ  ስፈሩ  በስራገበታው  በመዝናኛ  ማዘውተሪያው  በቤተጰሎት  ማድረሻው  ባልታሰበና  ባልተጠረጠረ  ስዓት,handwritten
21933,hand_1809_line_10.png,ቡድኑን  እጅጉን,handwritten
21932,hand_1809_line_8.png,ነዋሪዎች  እንደወጡ  ሲቀሩ  ያየሁበትን  አረመኔያዊ  ግድያ  እንደ  አብነት  በማቅረብ  የዓይን  ምስክርነቴን  ልሰጥ,handwritten
21931,hand_1809_line_7.png,ዒላማ  አድርጎ  የመቆየቱን  እውነታ  ፈፅሞ  ማስተባበል  የማይቻል  ስለመሆኑ  ብዙ የምስራቁ  የሀገራችን  ክፍል,handwritten
12280,hand_1812_line_11.png,የመለስ ስልት ከመንግሰታዊ ሃላፊነት ራሳቸውን አግለው የፓርቲውን የሊቀመንበርነት ቦታ ብቻ,handwritten
12279,hand_1812_line_10.png,እያለ በፖሊሶች እና ምልሻ ኣስረው ወሰዱት። ይህ ካልሆነ ግን ሌላው ሊሆን የሚችለው,handwritten
12278,hand_1812_line_9.png,ሲቃወሙ የህዝብ ተቃውሞ ስለበረታ ህዝቡ ከስብሰባ በትኖ ልጄ ቤት ገብቶ ታሞ ተኝቶ,handwritten
12681,hand_1827_line_6.png,ውጤትም  አይኖርም  ፤ ቁርጠኛ  ሌባ አለ ቁርጠኛ  ተዋጊ  ግን የለም  ሲል በውይይቱ  ላይ የተሳተፉትን,handwritten
12680,hand_1827_line_5.png,ሙስናን  ለማጥፋት  ፍላጎት  እንጂ  የፖለቲካ  ቁርጠኝነት  ብሎ  ነገር የለም  ፤ ይኼ  በሌለበት  ተግባርም,handwritten
12679,hand_1827_line_4.png,አሁንም  አዳኙ  ለመያዝ  ጠጋ ካለ ይህንኑ  ትርዒት  ይደግማል።  በተጨማሪም  በኢትዮጵያ  በተጨባጭ  ያለው,handwritten
12682,hand_1827_line_7.png,አስደምሞአል።  በረብሻው  ወቅት  ከየአቅጣጫው  በፖሊስ  እየተያዙ  የሚመጡ  ሰዎች  ትንሿ,handwritten
12681,hand_1827_line_6.png,ውጤትም  አይኖርም  ፤ ቁርጠኛ  ሌባ አለ ቁርጠኛ  ተዋጊ  ግን የለም  ሲል በውይይቱ  ላይ የተሳተፉትን,handwritten
12680,hand_1827_line_5.png,ሙስናን  ለማጥፋት  ፍላጎት  እንጂ  የፖለቲካ  ቁርጠኝነት  ብሎ  ነገር የለም  ፤ ይኼ  በሌለበት  ተግባርም,handwritten
27975,hand_1836_line_10.png,ፈጠራ  መንዛት  ጀምረዋል።  አንተም  እንደ  እንድርያስና  ፊልጶስ  ሁሉ ለዘመዶችህና,handwritten
27974,hand_1836_line_9.png,ወደሚባል  ሥፍራ  አቀናን።  በስልጣን  የቅዠት  ዓለም  ውስጥ  ሆነው  ሌላ መሰል,handwritten
27973,hand_1836_line_8.png,እንጂ  .። በተከራየነው  መኪና  ተሳፍረን  በጆን  ሎንግይር  ስም ወደተሰየመው  ሎንግዪርባየን,handwritten
27375,hand_1843_line_9.png,አጼ ምኒሊክን  አማራና  ስርአታቸውም  የአማራን  የበላይነት  ያመጣ  ነው ብሎ,handwritten
27374,hand_1843_line_8.png,ሕወሀትን  አንድ  አካል  አንድ  አምሳል  አድርጎ  ማየት  ፡ እነ አጼ ሀይለስላሴንና  እነ,handwritten
27373,hand_1843_line_7.png,ይለችው  ነገር አላገኘችም  ነበር።  ትግራይና  ሕወሀትን  ወይንም  የትግራይ  ህዝብንና,handwritten
21331,hand_1865_line_11.png,ፍጥረተ  ነገሩ ይህ አይደለም።  አቶ ንጉሴ  ፡ - እንደተባለው  የምከተለው  የአሰለጣጠን  ዘይቤ,handwritten
21330,hand_1865_line_10.png,( ከውን  ) ፈጣሪ  መሆኑን  መገንዘብና  በብቸኝነት  መገዛትንም  ያካትታል።  ኢትዮጰያዊነት  ግን,handwritten
21329,hand_1865_line_9.png,የጥርስ  ፍትግ  ጸ ጻዴ ጸደቅ  ጻድቅ  ፀ ፀጰ።  አላህ  ( ሱ.ወ ) የዚህ  ፍትረተ  - ዓለም  / ዪኒቨርስ  /,handwritten
25570,hand_1907_line_3.png,እየሄደ  መጽሐፈ  ኢሳይያስ  ምዕ .። አንድ  ክርስቲያን  ሽማግሌ  በድረ  ገጼ ላይ ያደረግኩትን  ፎቶ አይቶ,handwritten
25569,hand_1907_line_2.png,ጃንደረባው  በበዓለ  ሐምሳ  ወደ ኢየሩሳሌም  ሄዶ ሥርዓተ  አምልኮቱን  ፈጽሞ  በምድረ  ጋዛ በሠረገላ  ተቀምጦ,handwritten
25568,hand_1907_line_1.png,ሐዋርያው  ቅዱስ  ፊልጶስ  በመንፈስ  ቅዱስ  ታዞ / ተመርቶ  / የኢትዮጵያ  ንግሥት  ከፍተኛ  ባለሥልጣን  የነበረው,handwritten
26689,hand_1917_line_3.png,አማካይነት  ነው እና ማኅበሬን  ምን ነካው  ብየ ለመጠየቅ  ተገድጃለሁ።  ትግሪኛ  ተናጋሪ  ያልሆኑት  አዛዦች  ይመሩታል,handwritten
26688,hand_1917_line_2.png,እንዲህ  ብላለች  ፦ ሰዎች  እውነትን  የማወቅ  ከፍተኛ  ፍላጎት  አላቸው።  እኔ ማቅን  ያወቅሁት  በእነ ዲያቆን  ዓባይነህ  ካሤ,handwritten
26687,hand_1917_line_1.png,ከዚያ  በኋላ  ግን ከምትወደው  ልጇ የምትለይበት  ቀን እየደረሰ  ስለሚመጣ  ራሷን  ማዘጋጀት  ነበረባት።  ዦኣና,handwritten
27624,hand_1919_line_8.png,ትክክለኛ  ማንነት  እየወጣና  እየታወቀ  ይመስለኛል  ምክንያቱም  ቅዱሳት  ገዳማትን  መርዳት  እንደ  ኃጢአት  መቁጠር  ምን,handwritten
27623,hand_1919_line_7.png,ይችላሉ።  የንጽህት  ኦርቶዶክስ  ውድ  የቤተ  ክርስቲያን  ልጆች  ( ሆዳሞችን  እና ከሀዲዎችን  ሳይጨምር  ) አሁን  የአቡነ  ጰውሎስ,handwritten
27622,hand_1919_line_5.png,ለማድረግ  የተቋቋሙ  በመሆናቸው  ፡ የ ተሐድሶ  ሤረኛ  እንቅስቃሴ  ሰለባና  ተባባሪ  እንዳይሆኑ  ሊጠነቀቁ  ይገባል።  በሌላ  በኩል,handwritten
26572,hand_1920_line_5.png,ብርሃነ  ጂጆን  ፣ አቶ ሶፊያ  ኢብራሂምን  ( እነዚህ  ሁሉ በአንድ  ወቅት  ስንቱን  የሚያንጰረጵሩ  የወያኔ  ሹማምንት  ነበሩ  ) በቁጥጥር,handwritten
26571,hand_1920_line_3.png,( ባለስልጣን  ) ፣ አቶ አሰፋ  አብርሃ  ( ባለሥልጣን  ) ፣ አቶ ምህረትአብ  አብርሃ  ( ነጋዴ  ) ፣ አቶ ፍስሃ  አብርሃ  - ነጋዴ  ( አራቱን,handwritten
26570,hand_1920_line_2.png,የሰው  ስሜት  የምትረዳ  ትሑት  ሴት ስለነበረች  ልጇ የሰጣትን  እርማት  ተቀብላለች።  በዚህም  መሠረት  ፣ አቶ ስየ አብርሃ,handwritten
26573,hand_1920_line_7.png,ቆጶስ  ፣ ቆመስ  የሚባሉት  ጥቁር  ዘርፋፋ  ቀሚስ  ለባሾች  በቀኝ  እጃቸው  መስቀል  በግራ  እጃቸው  ሽጉጥ  መያዝ  ከጀመሩ  ሰነባበቱ።,handwritten
26572,hand_1920_line_5.png,ብርሃነ  ጂጆን  ፣ አቶ ሶፊያ  ኢብራሂምን  ( እነዚህ  ሁሉ በአንድ  ወቅት  ስንቱን  የሚያንጰረጵሩ  የወያኔ  ሹማምንት  ነበሩ  ) በቁጥጥር,handwritten
26571,hand_1920_line_3.png,( ባለስልጣን  ) ፣ አቶ አሰፋ  አብርሃ  ( ባለሥልጣን  ) ፣ አቶ ምህረትአብ  አብርሃ  ( ነጋዴ  ) ፣ አቶ ፍስሃ  አብርሃ  - ነጋዴ  ( አራቱን,handwritten
23635,hand_1921_line_8.png,ተዋሕዶ  ቤተ ክርስቲያን  ምእመናንና  ምእመናት  ፤ የሁሉም  አባት  ሆኜ በእኩልነት  ፤ በግልጽነትና  በታማኝነት  በፍቅርና  በትሕትና,handwritten
23634,hand_1921_line_7.png,ግንኙነት  የሚፈጽም  ሰው በራሱ  አካል  ላይ ኃጢአት  እንደሚሠራ  ወይም  ራሱን  እንደሚጎዳ  ይገልጻል።  . . የኢትዮጵያ  ኦርቶዶክስ,handwritten
23633,hand_1921_line_5.png,ምንም  ልረዳት  ስላልቻልኩ  እጇን  ይዤ አብሬያት  ማልቀስ  ጀመርኩ።  ልጁ ጋብሮቮያዊ  ነዋ !። ይህ ሰው ለመጽሐፍ  ቅዱስ,handwritten
26971,hand_1922_line_7.png,ጊዜያት  በተለይ  ደግሞ  ከ 2 አስርት  ዓመታት  በኋላ  ስፖርቱ  አቅሙን  እያጣ  እንደመጣም  ይናገራሉ።  እኔ ይሳካል  ራዕዩ  ድራፍት,handwritten
26970,hand_1922_line_6.png,ኢንቨስት  አድርጎ  ኢትዮጵያን  በኅዋ  ሳይንስ  ምርምር  መድረክ  ላይ ማስቀመጥ  የመንግሥት  ግዴታ  ነው።  በቮሊቦል  ስፖርት  ባለፉት,handwritten
26969,hand_1922_line_5.png,በወሲባዊ  አካላቱና  ሌላ ተክለ  ሰውነቱ  ብቻ ሳይሆን  በአእምሮውም  የወንዴ  ባሕርያት  ቅርጽ  እንዲፈጠር  ይሞላል።  ነገር ግን ይኼን,handwritten
26972,hand_1922_line_8.png,ቤት ነኝ አዝዤ  ጠብቅሃለሁ  ቶሎ ና !። ተበደልኩ  ፣ ዕድገት  ተነፈኩ  ፣ ቦታ ተከለከልኩ  ያለ አንድ  ሠራተኛ  ከአዲሱ  ተሿሚ  ጋር ሳምንት,handwritten
26971,hand_1922_line_7.png,ጊዜያት  በተለይ  ደግሞ  ከ 2 አስርት  ዓመታት  በኋላ  ስፖርቱ  አቅሙን  እያጣ  እንደመጣም  ይናገራሉ።  እኔ ይሳካል  ራዕዩ  ድራፍት,handwritten
26970,hand_1922_line_6.png,ኢንቨስት  አድርጎ  ኢትዮጵያን  በኅዋ  ሳይንስ  ምርምር  መድረክ  ላይ ማስቀመጥ  የመንግሥት  ግዴታ  ነው።  በቮሊቦል  ስፖርት  ባለፉት,handwritten
27744,hand_1949_line_1.png,አቅም  የሌላቸውን  ወገኖች  ነፃ የህግ  ድጋፍ  በመስጠት  ረገድም  ፌሎሺፑ  የተወሰኑ,handwritten
28019,hand_1948_line_11.png,መሆኑን  ስናዬዉ  አጥንታችንን  ያመናል።  ጌታ እግዚአብሔር  ሆይ ክብር  ይገባኻል  !።,handwritten
28018,hand_1948_line_10.png,ከገዙት  ሁሉ ያነሰ አስተሳብ  እንዳለዉ  እያየን  ብቻ ሳሆን  ተራ ደርዬ  : ተራ ሌባ : ተራ ዉሸታም  :,handwritten
27745,hand_1949_line_3.png,ያጠናቀቀ  ማለፊያ  ጭንቅላት  የነበረው  ቆስጤ  ምን ሲያደርግ  የዩንቨርሲቲ  ደጃፍ  ረግጠው,handwritten
27744,hand_1949_line_1.png,አቅም  የሌላቸውን  ወገኖች  ነፃ የህግ  ድጋፍ  በመስጠት  ረገድም  ፌሎሺፑ  የተወሰኑ,handwritten
28019,hand_1948_line_11.png,መሆኑን  ስናዬዉ  አጥንታችንን  ያመናል።  ጌታ እግዚአብሔር  ሆይ ክብር  ይገባኻል  !።,handwritten
27746,hand_1949_line_4.png,ከማያውቁ  እነ አባዱላ  ገመዳ  ተርታ  የሚያስልፈው  ድርጊት  እንደ  ፈፀመ  ሳስበው,handwritten
27745,hand_1949_line_3.png,ያጠናቀቀ  ማለፊያ  ጭንቅላት  የነበረው  ቆስጤ  ምን ሲያደርግ  የዩንቨርሲቲ  ደጃፍ  ረግጠው,handwritten
27744,hand_1949_line_1.png,አቅም  የሌላቸውን  ወገኖች  ነፃ የህግ  ድጋፍ  በመስጠት  ረገድም  ፌሎሺፑ  የተወሰኑ,handwritten
13284,hand_1954_line_9.png,ምጽዋት  በ 200 ሚሊዮን  ዶላር  ተሰራ  በተባለና  የቻይና  ስጦታ  ለታዳጊዋ,handwritten
13283,hand_1954_line_8.png,አመልክተዋል።  የአፍሪካ  ሕበረት  ዋና መስሪያ  ቤት በቻይና  መንግሥት,handwritten
13282,hand_1954_line_7.png,72 ታዛቢዎች  በደረሰባቸው  ማስፈራራት  ዘጠኙ  ብቻ ለመታዘብ  መቻላቸውን,handwritten
13285,hand_1954_line_12.png,ሁለቱ  ወጣት  ነገስታት  መጨረሻቸው  እንጂ  አጀማመራቸውስ  ተመሳሳይ  ነበር።  ውድ  የወያኔና  የሸአቢያ  ቅጥረኛ  ተስፋየ  ገ / አብ ምነው  ሰሞኑን,handwritten
13284,hand_1954_line_9.png,ምጽዋት  በ 200 ሚሊዮን  ዶላር  ተሰራ  በተባለና  የቻይና  ስጦታ  ለታዳጊዋ,handwritten
13283,hand_1954_line_8.png,አመልክተዋል።  የአፍሪካ  ሕበረት  ዋና መስሪያ  ቤት በቻይና  መንግሥት,handwritten
34487,hand_1955_line_8.png,ነው ማለት  አይደለም።  የጦሩ  አዛዦቹ  በወታደሩ  ስቃይና  ሞት  ከብረው  የከተማ  ድሆችን,handwritten
34486,hand_1955_line_7.png,ቆጶሳት  ቢበዙ  ደፍረው  ጳጳሳትን  ይሾማሉ።  ይኼ  ማለት  ግን በኢንዱስትሪ  ጉዳይ  ብቸኛው  ተቋም,handwritten
34485,hand_1955_line_6.png,የ 60 ሺ ብር እና የ 8 ግራም  ወርቅ  ተበርክቶለታል።  ይኼ  አንደኛው  አስተምህሮት  ነው።  በኢትዮጵያ  ኤጲስ,handwritten
25573,hand_1991_line_3.png,በሚስማማ  መንገድ  በመመላለስ  እንዲሁም  ታዛዦች  በመሆን  ወደ አምላክ  እረፍት,handwritten
25572,hand_1991_line_2.png,"ተናግሯል።  4 : 9 , 10 ) ክርስቲያኖች  ፣ ወደ ፍጻሜው  እየገሰገሰ  ካለው  የይሖዋ  ዓላማ  ጋር",handwritten
27690,hand_1990_line_11.png,በግብታዊነት  የተቀጣጠለው  የህዝብ  አመጽ  የአጼውን  ስርዓት  ቢያንኮታኩተውም  ፤ የህዝቡ,handwritten
11282,hand_1995_line_8.png,ሰው  አምባሳደር  ቢል የማያሳፍሩ  አሉ።  ከአንድ  ሰዓት  በኋላ  ተመልሶ  ሲመጣ  በከፊል  ነበር -,handwritten
11281,hand_1995_line_7.png,የቀድሞ  የቤት  ሰራተኛቸው።  ለምሳሌ  ከመሿለኪያ  ወይም  ከቦሌ  መንገድ  ፣ ከፍላሚን  ፣ የተሳፈረ,handwritten
11280,hand_1995_line_6.png,ከየት  እንደሚያመጡ  ባይታወቅም  የተለያዩ  የባህል  መድሃኒቶችን  ለባለቤታቸው  ዪሰጡ  ነበር ብለዋል,handwritten
24190,hand_2000_line_7.png,በአስቸኳይ  ወደ እንግሊዝ  አገር የእንግሊዝ  የጦር  አየር  ዠበብ  ለሕክምና  እንዲወስዳቸው,handwritten
24189,hand_2000_line_6.png,መንግሥት  አልጋ  ወራሽ  መርዕድ  አዝማች  አስፋ  ወሰን  ሌሊቱን  በደም  ቋጠሮ  ምት  ታመው,handwritten
24188,hand_2000_line_4.png,የሆነች  ሚስት  ያለችው  አንድ  ሰው  ፣ የይሖዋ  ምሥክሮች  ቤተ ክርስቲያናቸውን  ሠርተው,handwritten
2604,hand_2005_line_11.png,ገና በጌታችን  በኢየሱስ  ክርስቶስ  ዘመን  በኋላም  በሐዋርያትና  በሊቃውንተ  ቤ / ክ,handwritten
2603,hand_2005_line_10.png,ጥያቄ  በማቅረብ  ላይ መሆናቸውንም  ግሎባል  ቮይስ  በሪፖርቱ  አመልክቷል።  ይኼ  እኮ,handwritten
2602,hand_2005_line_9.png,ላይ የሚገኙት  የሰብአዊ  መብት  ተሟጋች  ድርጅቶች  ፕሬዚዳንቱ  ከጉብኝታቸው  እንዲታቀቡ,handwritten
14077,hand_2022_line_8.png,ልቀትቅጥህ  ብለው  ህዝቡን  ማስለቀስና  እርስ  በርስ  በመንደር  የሥልጣን  ሽኩቻ,handwritten
14076,hand_2022_line_7.png,አጋዲኒያ  ምድረበዳ  መንደር  መንደራቸው  ይዘቀው  እንሱም  በታራቸው  ሕዘቡን,handwritten
14075,hand_2022_line_6.png,ዓዲ ኣቡን  ( ዓድዋ  ) ኦነግ እና ኦጋዴኒያንም  ወደ ገጠሪቱ  ኦሮሚያ  ሪፑብሊክ  እና ወደ,handwritten
26598,hand_2051_line_7.png,ሰው የላከልሽን  እርቃንን  የሚያሳይ  ፎቶግራፍ  ከማጥፋትሽ  በፊት  ጉዳዩን  ለአንድ  አዋቂ  ሰው  ተናገሪ  ፤,handwritten
26597,hand_2051_line_5.png,16 ፤ 1-50 ) ፤ የኤሊ  ልጆች  ( 1 ኛ ሳሙኤል  2 ፤ 11-22 ) ፤ ንጉስ  አዝያን  ( 2 ኛ ዜና 26 ፤ 16-21 ),handwritten
26596,hand_2051_line_4.png,( ዘፍ 19 ፤ 27 ) ፤ እንደ  ኤሳው  ( ዘፍ 25 ፤ 32 ) ፤ እንደ  ዳታንና  አቤሮን  ፤ ቄሬ ነገደ ሌዊ ( ዘኁ,handwritten
26599,hand_2051_line_8.png,ምናልባትም  ለወላጆችሽ  ፣ ለአስተማሪሽ  ወይም  ለትምህርት  ቤት ኃላፊዎች  እንዲህ  ማድረግ  ትችዪ,handwritten
26598,hand_2051_line_7.png,ሰው የላከልሽን  እርቃንን  የሚያሳይ  ፎቶግራፍ  ከማጥፋትሽ  በፊት  ጉዳዩን  ለአንድ  አዋቂ  ሰው  ተናገሪ  ፤,handwritten
26597,hand_2051_line_5.png,16 ፤ 1-50 ) ፤ የኤሊ  ልጆች  ( 1 ኛ ሳሙኤል  2 ፤ 11-22 ) ፤ ንጉስ  አዝያን  ( 2 ኛ ዜና 26 ፤ 16-21 ),handwritten
17794,hand_2067_line_11.png,በተደረገው  የሀጅ  ጉዞ ብቻ ተቋሙ  ከ 60 ሚሊዮን  ብር በላይ  ከተጓዦች  እንደመዘበረ  በርካታ  ኢስላማዊ,handwritten
17793,hand_2067_line_10.png,ሽማግሌዎች  የላካቸው  ደብዳቤዎች  ለመንጋው  በጥልቅ  እንደሚያስብ  ይጠቁማሉ።  በ 2003,handwritten
17792,hand_2067_line_9.png,ቀርበው  ነው የሚያዩት።  12 ክርስቶስ  በትንሿ  እስያ  በነበሩት  ሰባት  ጉባኤዎች  ውስጥ  ለሚገኙት,handwritten
32608,hand_2085_line_9.png,አስደንጋጭ  ነበር።  ቪዲዮውን  ያዩ ሰዎች  ሁሉ ዶክተር ብርሀኑ የአሁን ለደረሰበት ውሳኔ ይበልጥ አድናቆታቸውን ሢሰጡ,handwritten
32607,hand_2085_line_7.png,"ይኼንን  መቀበል ይገዳቸዋል። አካባቢያዊ ወደ 8 , 000 ሄክታር መሬት በፈዲሴ  ከአራት  ዓመት  በፊት  የጀመረ ሲሆን",handwritten
32606,hand_2085_line_6.png,ደኅና  ነን አላችችኁ ?። ለአንዳንዶች የነበራቸው ታሪክ ፣ የከፈሉት መስዋዕትነትና  የድርጅታቸው  ጥንካሬ  እየጎተታቸው,handwritten
33542,hand_2089_line_5.png,ድብቅ  ሤራ አውቋል።  ኢትዮጰያዊነት  የሚያስጨንቃቸዉ  ድርጅቶችና  ግለሰቦች  ይህ እንጂ አንዱ አንዱን ነፃ የማዉጣት,handwritten
33541,hand_2089_line_3.png,ቤት የአጼ  ቴዎድሮስ  እስረኛ  ነበሩ  ) ተሽጦ  ኋላ በሚሲዮናውያን  አርነት ከወጣ በኋላ ለኦሮሚፋ ቋንቋ ታላቅ  ውለታን,handwritten
33540,hand_2089_line_2.png,ለምኒልክ  ሳይገብር  በአካባቢው  በሰፈነው  የባርነት  ንግድ  በ 1854 ዓ.ም ( ምኒልክ  በዚህ  ጊዜ በመቅደላ  እስር,handwritten
25748,hand_2098_line_6.png,ዓለም የዳነባት አምላክ ሰው የሆነባት ድንግል ማርያም ናት ቅዱስ ጳውሎስ በእብራዊያን ክታቡ,handwritten
25747,hand_2098_line_2.png,ለዚህም እጅግ በርካታ ማረጋገጫዎችን መዘርዘርሲቻል በዚህ ጽሁፍ ግን ለጊዜው የሚከተሉትን,handwritten
25746,hand_2098_line_1.png,ድንግል ማርያም የውርስ ኃጢያት ይመለከታታልን ? ድንግል ማርያም የዘር ኃጢያት የለባትም,handwritten
25211,hand_2099_line_10.png,ሁሉ በእሱ  ዘንድ  ተቀባይነት  እንዳላቸው  ስለሚናገር  እኔ ማን ሆኜ ነው ሰዎችን  በጎሣቸው  ወይም,handwritten
25210,hand_2099_line_9.png,የሚወጣ  ድምፅ  አይመስልም  ብለውኛል።  መጽሐፍ  ቅዱስ  አምላክ  እንደማያዳላና  እሱን የሚፈሩ,handwritten
25209,hand_2099_line_8.png,ልቡ ወደ ሰው ልጆች  ዘነበለ። እንደ  አንበሳ  ነው ፤ የሚያስፈራና  ከአንቺ,handwritten
25015,hand_2125_line_6.png,ከአሜሪካንና  ከአውሮጳ  የመጡ  ታዋቂ  ሳይንቲስቶችና  ምሁራን  በሕክምናው  ዘርፍ  ያገኟቸውን  አዳዲስ,handwritten
25014,hand_2125_line_4.png,ተቃውሞ  መክኖ  ቀረ ፤ በዚህም  ቤተ ክርስቲያን  ብቻ ሳትሆን  ሀገራችንም  ተጎዳች  ፤ ይህ ዕድል  ኢትዮጵያ,handwritten
25013,hand_2125_line_3.png,ሆኜ ስለታነጽኩ  ነው።  ይታያችሁ  ይህ ሁሉ መንፈሳዊና  ሀገራዊ  እንቅስቃሴ  ሁሉ በዐጼ  ዘርአ  ያዕቆብ,handwritten
23949,hand_2183_line_8.png,በተባለ  ከተማ  አቅራቢያ  በህገ  ወጥ  መንገድ  180 ስደተኞችን  ይዞ ወደ ቦሳሶ  ከተማ  የሚያመራ  መኪና በመገልበጡ,handwritten
23948,hand_2183_line_7.png,አዎንታዊ  አመለካከት  እንድትይዝ  ሊረዳህ  የሚችለው  እንዴት  ነው ?። በሶማሊያ  የፑንትላንድ  አስተዳደር  ዓርም,handwritten
23947,hand_2183_line_6.png,ታዲያ  ይህንን  ቸግር  ማን ይፍታው  ?። ሊታሰብበት  የሚገባ  ነጥብ  ፦ ኢሳይያስ  41 : 10 ዡልያናን  እንደረዳት ሁሉ አንተንም,handwritten
32194,hand_2189_line_7.png,የሚያስችለው  ሽብርተኝነትን  የሚመለከተው  ህግ በኢትዮጵያ  አለ ፣ ያ በአስቸኳይ  እንዲቆም,handwritten
32193,hand_2189_line_6.png,ጋዜጠኞችን  በግልፅ  ሊጋፋ  የሚችለው  ፣ ደስ የማይሉ  እውነቶችን  ጋዜጠኞች  ላይ ለመጠቀም,handwritten
32192,hand_2189_line_5.png,ኢትዮጵያ  በአሁኑ  ወቅት  ከዓለማችን  በርካታ  ጋዜጠኞች  ጣጥለዋት  የሚሸሿት  ሀገር  ሆናለ,handwritten
32195,hand_2189_line_8.png,እንጠይቃለን  ብለዋል።  አሁን  በ 80 ዎቹ ዕድሜ  አጋማሽ  ላይ ሆኜ ሳስበው  እናቴ  ወደ ሕፃናት,handwritten
32194,hand_2189_line_7.png,የሚያስችለው  ሽብርተኝነትን  የሚመለከተው  ህግ በኢትዮጵያ  አለ ፣ ያ በአስቸኳይ  እንዲቆም,handwritten
32193,hand_2189_line_6.png,ጋዜጠኞችን  በግልፅ  ሊጋፋ  የሚችለው  ፣ ደስ የማይሉ  እውነቶችን  ጋዜጠኞች  ላይ ለመጠቀም,handwritten
25768,hand_2193_line_11.png,አሁን  በካሊፎርኒያ  በሚገኘው  ዴዘርት  ሆት ስፕሪንግስ  ጉባኤ  ውስጥ  ሰብሳቢ  የበላይ,handwritten
25767,hand_2193_line_10.png,ወደ ሰንጠረዡ  አናት  ላለመቅረባቸው  ከራሳቸው  በላይ  ተጠያቂ  የሚያደርጉት  አካል  አይኖርም።,handwritten
25766,hand_2193_line_9.png,ጨዋታ  ኢትዮጵያ  ንግድ  ባንኮች  በደደቢት  ተበልጠው  መረታታቸው  ባይካድም  አሁን  ላይ ከዚህ  በተሻለ,handwritten
27384,hand_2197_line_9.png,ከጀርመን  ታዋቂ  ኩባንያዎች  መካከል  ፤ ስብሰባዎችን  እና ውይይቶችን  በማድረግ,handwritten
27383,hand_2197_line_8.png,የመገናኛና  መዝናኛ  መሣሪያ  ሠሪ የኢንዱስትሪ  ኩባንያዎች  ለትርዒት  ያቀረቡ  ሲሆን  ፤,handwritten
27382,hand_2197_line_7.png,እንደሆነ  መጥቀሱም  በዘገባው  ተመልክቷል።  በዛ ያሉ የውጭ  አገርና  የሀገር  ውስጥ,handwritten
25317,hand_2284_line_6.png,ተሽከርካሪ  ላይ በከፈቱት  ተኩስ  19 ሰዎች  ሲሞቱ  ፣ ስምንት  ሰዎች  መቁሰላቸውንና  16 ሰዎች,handwritten
25316,hand_2284_line_5.png,ኃይሎች  ከመዠንገር  ዞን 43 ሰዎችን  አሳፍሮ  ወደ ጋምቤላ  ከተማ  ሲጓዝ  በነበረ  የህዝብ  ማመላለሻ,handwritten
25315,hand_2284_line_4.png,በጸሎት  በማሰብ  ላይ እንገኛለን።  28 ጠ 30 / ፤ በማለት  የርኅራኄ  ድምፁን  አስምቷል።  ፀረ - ሰላም,handwritten
26138,hand_2286_line_9.png,የውጭ  ጉዳይ  ሚኒስትር  ሆኜ ሠርቻለሁ።  ለባለሃብቶቹ  109 ሄክታር  መሬት  ተሰጥቶ  በሆቴልና,handwritten
26137,hand_2286_line_8.png,በቅተዋል።  በቀጣዮቹ  12 ዓመታት  ስድስት  ጊዜ በሚኒስትርነት  የተሾምኩ  ሲሆን  ሁለት  ጊዜ,handwritten
26136,hand_2286_line_7.png,በዕድገት  ጎዳና  በመገስገስ  በአገራችን  የኢንቨስትመንት  እንቅስቃሴ  ውስጥ  የታሪክ  ባለድርሻ  ለመሆን,handwritten
26139,hand_2286_line_10.png,ቱሪዝም  ፣ በዱቄት  ፣ በችፑድ  ፣ በእስፖንጂና  ፎም  ፋብሪካ  ፣ በእንስሳት  መኖ  ማቀነባበሪያ  ፣,handwritten
26138,hand_2286_line_9.png,የውጭ  ጉዳይ  ሚኒስትር  ሆኜ ሠርቻለሁ።  ለባለሃብቶቹ  109 ሄክታር  መሬት  ተሰጥቶ  በሆቴልና,handwritten
26137,hand_2286_line_8.png,በቅተዋል።  በቀጣዮቹ  12 ዓመታት  ስድስት  ጊዜ በሚኒስትርነት  የተሾምኩ  ሲሆን  ሁለት  ጊዜ,handwritten
24514,hand_2291_line_2.png,ሥር አባ ጳውሎስ  ሆነው  በመገኘታቸው  የሲኖዶስ  አባላት  አባ ጶውሎስን  ሃይማኖትዎ  ምንድን,handwritten
24513,hand_2291_line_1.png,አምና  ሲኖዶስ  በእነኝህ  ተኩላት  ግለሰቦችና  ቡድኖች  ጉዳይ  ሲነጋገሩና  ሰዎቹም  ሲመረመሩ  የእንቅስቃሴው,handwritten
27717,hand_2290_line_10.png,ትምህርት  የሚከተለውንና  አባጊዮርጊስ  የተባለውን  በቅዱስ  አትናቴዎስ  መንበር  ሾመው።,handwritten
25729,hand_2298_line_7.png,በጅምር  ሲቀር  አሊያም  ክህሎቱን  ይዘውት  በሌላ  ዓለም  ውስጥ  ራሳቸውን,handwritten
25728,hand_2298_line_6.png,ያልቀና  አንዱን  ሲይዙ  ሌላውን  ሲጥሉ  ፤ ይሄን  ተማሩ  ይኼኛውን  ተጠበቡ  ሲባሉ,handwritten
25727,hand_2298_line_5.png,አይተውኝ  ( የወያኔ  አባላት  ) እንደ  አህያ  መሬት  ላይ እየተንከባላሉ  ሳቁ።  እድላቸው,handwritten
1057,hand_2307_line_7.png,እየከፋ  መጣ።  ታዲያ  የኛዎቹ  ትንሽዪ  አምባገነን  ዘረኛ  መሪዎች ምን ሸቷቸው ይሆን  የሰራዊት,handwritten
1056,hand_2307_line_6.png,አማጺያኑም  አሳድን በሚያሳጣ  መልኩ  ጥቃት  ሲሰነዝሩ  የአሳድ  አገዛዝም  አስከፊ ምላሽ  ሲሰጥ  ሁኔታው,handwritten
1055,hand_2307_line_5.png,እንዲዳብር  አድርገዋል።  እሷ ይህን  መፈተሿ  ፖለቲካው  ምን ያህል  ዋጋ እንደሚያስከፍል  አሳይታናለች።,handwritten
2071,hand_2311_line_10.png,አስፈጻሚ  እኮነው  ያለ ድንግል  ማርያም  አለም  አይድንም  እያለ  የደነዘዘ ስብከት  የመናገር  መዎገዝ,handwritten
2070,hand_2311_line_9.png,መንገር  ያስፈልጋል  ይህማ  አባ ወልደ  ትሳኤን  ሲቃዎም  የኖረ  አክራሪ  የማህበረ  ቅዱሳን,handwritten
2069,hand_2311_line_8.png,ቅዱሳን  ዋና አማካሪ  ነው እኮ ጎበዝ  ጠንቀቅ በሉ ብርቱ  ጠላት  መጥቶብናል ለአቡነ  መልከጼዴቅም,handwritten
17637,hand_2337_line_11.png,ኢህአዴግ  የኢትዮጰያን  መሰረታዊ  ችግር  የብሄረሰብ  እኩልነትን  ያረጋገጠና  ዲሞክራሲን,handwritten
17636,hand_2337_line_9.png,የቴአትር  ቤቱ ኃላፊም  ሆኜ አገልግያለሁ።  የአጼ  በካፋ  መሞትና  የምንትዋብ  መንገ,handwritten
17635,hand_2337_line_8.png,በአንድ  ድርጅት  ሥር አምጥቶ  በብቃትና  በጥራት  የሚመራውን  ክፍል  ማበጀቱ  ነው።,handwritten
11383,hand_2343_line_7.png,አካል ጥያቄ ሲያቀርብ ነው። እርግጥ ነው ቤተ ክርስቲያናችን ምሳሌ ይሆን ዘንድ ጰጰሳት የህዝቡን እግር,handwritten
11382,hand_2343_line_6.png,በጶጢፋር ሚስት ምክንያት ነው። ተሿሚው በፈቃዱ ከሃላፊነት ለመነሳት ለሾመው ወይም ለወከለው,handwritten
11381,hand_2343_line_4.png,ግን ያንን ያህል የሕዝብ የሥልጣን ባለቤትነትና ነጻነት ስለሌለ የኢትዮጵያ ቤተ ክርስቲያን ለሁለት ተሰንጥቃለች ፤,handwritten
2192,hand_2351_line_12.png,በመደውል ለማረጋገጥ ሞክረናል ፥ በዚህም ያገኘናቸው ሰዎች እንደነገሩን በጠቅላይ ሥራ አስኪያጁ,handwritten
2191,hand_2351_line_11.png,አይነት ሊደረግ እንደማይችል እናምናለን ፥ እነዚህን ያሉትን መላምቶች ለማረጋገጥ ወደ ቤተክህነቱም,handwritten
2190,hand_2351_line_10.png,ከሆን ከሁለቱ የቤተክህነቱ ጽ / ቤቶች በስተቀር በማንኛውም የቤተክህነቱ አካል ከመንግሥት ጋር እንዲህ,handwritten
18544,hand_2365_line_3.png,እንደነበረ  በአፈ  ታሪክ  የሚነገርለት  ቢጫው  ንጉሠ  ነገሥት  ከ 2697 እስከ  2595 ከዘአበ,handwritten
18543,hand_2365_line_2.png,በእጇም  ራሷን  ይዛ እያለቀሰች  ሄደች።  ከዦ ሥርወ  መንግሥት  በፊት  ገዥ ሆኖ ያስተዳድር,handwritten
18542,hand_2365_line_1.png,19 ከዚያም  ትዕማር  ራሷ ላይ አመድ  ነሰነሰች  ፤ + የለበሰችውንም  የሚያምር  ቀሚስ  ቀደደች  ፤,handwritten
20830,hand_2372_line_7.png,በተግባር  የተፈተነ  ሊሆን  ይገባዋል።  ኤርምያስ  ቃሉ በልቤ  እንደ  እሳት  ፣ በዐጥንቴም  ውስጥ,handwritten
20829,hand_2372_line_6.png,በኋላ  መሰል  ደባዎችና  ችግሮች  አደብ  እንዲበጅላቸውና  የድሆች  መጻዒ  እድል  ተስፋ  የተሞላውና,handwritten
20828,hand_2372_line_5.png,ቋንቋዎች  ግራ መጋባት  ፈጥሯል።  በመሆኑም  ባንኪ  ሙን  እንዳሉት  ከአዲስ  አበባ  ጉባኤ,handwritten
6501,hand_2394_line_7.png,ቢቻል  ደሞ የሕግ  ባለሙያ  ከተባለው  ሰው  ጋር እንድታወያየኝ  እንድጠ,handwritten
6500,hand_2394_line_6.png,መልእክት  በመጻፍ  በልጅቱ  ድርጊት  ዙሪያ  ጋዜጣ  ላይ የጻፍኩትን  እንዲያነቡ,handwritten
6499,hand_2394_line_5.png,ልጆች  ይሞላሉ  ይላል።  በወቅቱ  ከመደንገጤ  የተነሣ  በአዘጋጇ  የግል  ስልክ  በመደወልና,handwritten
24919,hand_2398_line_11.png,ልለት  እኮ የለም  በጭፍን  ፍቅር  ያበዱና  በማይምነት  የታወሩ  ሁሉ ይህን  ሰውዬ  በውዳሤ,handwritten
24918,hand_2398_line_10.png,መለስ  በህይወት  አሉን  ?። ለሥልት  ከአንገት  ይሁን  ለዓላማ  ከአንጀት  አይታወቅም  የማይባ,handwritten
24917,hand_2398_line_9.png,ከ ኢሳት  ጋር በጉዳዩ  ዙሪያ  ቃለ - ምልልስ  ሲያደርጉ  ጋዜጠኛ  ሢሳይ  አጌና  ፦ በ እርግጥ  አቶ,handwritten
25349,hand_2403_line_7.png,የህዝብ  ቤተ መጻህፍት  አባል  ለመሆን  ክፍያ  አይጠይቅም  ነጻ ነው ፤ የሚጠይቀው  መታወቂያ  ወይም  ባደራሻችሁ,handwritten
25348,hand_2403_line_6.png,መላክ  ካላመቻችሁ  ወይም  ካልፈለጋችሁ  ከህዝብ  መጻሕፍት  ቤት ኮምፑተር  ተጠቅማችሁ  ሪፖርት  ማድርግ ትችላላቸሁ  ፡,handwritten
25347,hand_2403_line_5.png,ከቤታችሁ  ሪፖረት,handwritten
27153,hand_2406_line_9.png,ውስጥ  ብሩክሊን  በሚባል  አካባቢ  የሚገኘው  ብሩክሊን  ንግድ  ምክር  ቤት ውስጥ  ፣ አነስተኛ  የብሩክሊን አምራች,handwritten
27152,hand_2406_line_8.png,ብቻ ሳይሆን  ፤ በደም  ሥሮቻቸው  የሚፈስ  አንቀሳቃሽ  ሕይወታቸው  ነው።  ትምህርቴን  ከጨረስኩ  በኋላ ኒውዮርክ  ከተማ,handwritten
27151,hand_2406_line_7.png,ያንገት  ማተባቸው,handwritten
27154,hand_2406_line_10.png,ኢንዱስትሪዎች,handwritten
27153,hand_2406_line_9.png,ውስጥ  ብሩክሊን  በሚባል  አካባቢ  የሚገኘው  ብሩክሊን  ንግድ  ምክር  ቤት ውስጥ  ፣ አነስተኛ  የብሩክሊን አምራች,handwritten
27152,hand_2406_line_8.png,ብቻ ሳይሆን  ፤ በደም  ሥሮቻቸው  የሚፈስ  አንቀሳቃሽ  ሕይወታቸው  ነው።  ትምህርቴን  ከጨረስኩ  በኋላ ኒውዮርክ  ከተማ,handwritten
24363,hand_2411_line_8.png,እቀርባለሁ።  አፍሪካ  ባለፉት  አስርት  አመታት  የተቀናጀ  የግብርና  ልማት  ፕሮግራም  ተግባራዊ  ለማድርግ የሚያስችል,handwritten
24362,hand_2411_line_7.png,መነሳት  እየተቻለ  ፈረንጅ  ጠጥቶ  ያተረፈውን  የሮክ  ቅራሪ  መመኜት  ምን ይሉታል  ?። ለሚለው  በቂ ምላሽ ይዤ,handwritten
24361,hand_2411_line_6.png,ማእከላዊ  ምርመራ  እንደተመዘገበ  ነው የመፈንቅለ  መንግስት  መሳሪያ  ተብሎ  በቴሌቪዠን።  በጠራ  ኢትዮጵያዊነት ላይ,handwritten
1557,hand_2415_line_6.png,ሰመረ  ንጉሴ  ፣ አቶ ዳኜ ስንሻው  ፣ አቶ ዘሪሁን  ዘውዴ  ፣ አቶ ማርሸት  ተስፋዬ  ፣ አቶ ሙ,handwritten
1556,hand_2415_line_5.png,ነገር ሰምቼያለሁ  ፣ የተባለውንም  አድምጬያለሁ።  ተጠርጣሪዎቹ  አቶ መሃመድ  ኢሳ ፣ አቶ,handwritten
1555,hand_2415_line_4.png,ያገለገሉት  : በትምህርትና  : ሥነጥበብ  : ሚኒስቴር  : ነበር።  አምባሳደር  መሐመድ  ፡ - ስለዚህ,handwritten
8260,hand_2418_line_12.png,ቃ።  ሆኖም  አሰልጣኜ  አብሮኝ  ስለነበር  እስከምትችዪው  ድረስ  ሞክረሽ,handwritten
8259,hand_2418_line_11.png,እንደሌለና  ለሰራችሁት  ወንጀል  ሁሉ ተጠያቂ  መሆናችሁን  አስረግጬ  እዚህ  ላይ ላብ,handwritten
8258,hand_2418_line_10.png,መውሰድ  ከጀመሩ  በርካታ  ወራት  ተቆጥረዋል።  በህግ  ስላላወቅሁ  ነው የሚባል  ነገር,handwritten
6610,hand_2446_line_4.png,በተጨማሪ  የልጇ  ውሎም  ያስጨንቃት  ገባ። እነሱ  ያልጩሁት  አይሰማም  ፤ እነሱ  ያልደረሱበት  መቅኖ,handwritten
6609,hand_2446_line_3.png,ብሎ  የተማረረውን  ንፅፅር  አስቀምጬላችሁ  ልጀምር።  እርሷ  ኑሮዋን  ለማሸነፍ  ከምታደርገው  ሩጫ,handwritten
6608,hand_2446_line_2.png,እና ወደላሊበላ  ስንሄድ  ከጎኔ የተቀመጠው  ደግሞ  በራስ  ተነሳሽነት  ዘላለም  የማያልፍላት  ከተማ,handwritten
16993,hand_2458_line_3.png,ስሜት  ስትጋራ  ማየት  ያስደስት  ነበር።  የአምላክን  ሞገስ  አጥቼ  ነፃ ሆኜ ከመኖር,handwritten
16992,hand_2458_line_2.png,የተነሳችውን  ጉርድ  ምስል  በአራት  መቶ  ዶላር  ተጫርተው  ሲገዙና  ሕፃኗም  የሐሌን,handwritten
16991,hand_2458_line_1.png,አንዲት  የ 5 ዓመት  አካባቢ  ሕፃን  ልጅና  ወላጇ  የብርቱካንን  ልጅ የሐሌ  ን በአጋጣሚ,handwritten
2293,hand_2470_line_6.png,እንመሰክራልን።  ከአምባገነኖች  ጋር ተሞዳሙዶ  መልማትም  ሆነ ፍትህ  ማግኘትም  የዚያኑ  ያህል  የቀን  ቅዠት,handwritten
2292,hand_2470_line_5.png,በተፈጠሩበት  በጥቁር  አፈር  ምድር  ፤ ፀረ - ኢትዮጵያ  ሀገር  በቀል  ዘረኛ  ሃይሎች  መፈጠራቸው  አሳዛኝ  ታሪክ  መሆኑን  እኛም,handwritten
2291,hand_2470_line_3.png,ሤራ እየዶለቱብን  ናቸው።  የሀገራችን  ህዝብ  ሆይ ፡ - የኢትዮጵያ  ጀግኖች  እነ አጼ ሚኒሊክ  ፣ የበላይ  ዘለቀ  ፣ እነ አብዲ,handwritten
2715,hand_2473_line_10.png,አጼ ዮሀንስ  ለዳር  ድንበራቸው  መከበር  ሲሉ አንገታቸውን  ለደርቡሽ  የሰጡበት  ታሪክ  ተረስቶ  ፣,handwritten
2714,hand_2473_line_9.png,መጽሐፍ  ቅዱሴንና  መጽሐፍ  ቅዱስን  ለማጥናት  የሚረዱ  ጽሑፎችን  በማንበብ  አሳለፍኩ።,handwritten
2713,hand_2473_line_8.png,ክፍለ  ጊዜ በውኃ  ላይ በመንሸራተት  የከሰዓት  በኋላውን  ጊዜ ደግሞ  በባሕሩ  ዳርቻ  ሆኜ,handwritten
15030,hand_2488_line_2.png,የሚሠራ ወጥ ሲሆን ከሩዝና ከጎመን ጋር ይቀርባል። ከሁለት ዓመት በኋላ አልሜዳ ታላቅ ሥራ ለማከናወን,handwritten
15029,hand_2488_line_1.png,ፋዡአዳ የሚባለው ከፖርቹጋላውያን የተወሰደው ባሕላዊ ምግብ ሥጋንና ጥቁር አደንጓሬን በማደባለቅ,handwritten
14271,hand_2487_line_10.png,እርሱም አንቺ ሴት ካንቺ ጋር ምን አለኝ ?።,handwritten
29152,hand_2516_line_10.png,ሌላ መግራት  ነው።  ኢየሱስ  ለዓይነ  ስውራን  ርኅራኄ  እንዳለው  ያሳየው,handwritten
29151,hand_2516_line_9.png,ያሳያል።  በቃ ሰውዬውን  ይዤው  ጠፋሁ።  የመንፈስ  ደረጃ  ወደ,handwritten
29150,hand_2516_line_8.png,ዘዴ ባልገባዎት  እና ባላወቁት  ጉዳይ  ወደ ክርክር  መግባትዎን,handwritten
29355,hand_2517_line_5.png,ስማረክ የተዋወቅኩት  ተሥፋዬ  ለማ ለኢትዮጵያ  የባህል  ሙዚቃ  ከፍተኛ,handwritten
29354,hand_2517_line_3.png,የአንድነት  ኮንፍረንስ   ከእምነቱ  ጋር የሚጣረስ በመሆኑ  ሃራም ነው ሲል,handwritten
29353,hand_2517_line_2.png,እየተከተለ  እንዲጓዝ  ፤ አክራሪ  እምነት  አራማጆች  በአሁኑ ወቅት  የሰደቃና,handwritten
26376,hand_2531_line_8.png,ከምርጫ  97 ጀምሮ  በግፋዊ  አስተዳደር  ህዝባቸውን,handwritten
26375,hand_2531_line_7.png,መንገድ  ልጇን  ትበላለች  የደርግ  ብሂል  ተከትለው,handwritten
26374,hand_2531_line_6.png,ሲያምሳቸው  አቶ መለስ  በፖለቲካዊ  አስተዳደራቸው  ዲሞክራሲያዊ,handwritten
25049,hand_2535_line_9.png,ከነሰላማዊነታቸው  ነው ሲላችሁ  ምን ታደርጋላችሁ  ?። ክሊዎፓትራ,handwritten
25048,hand_2535_line_8.png,ያልሆኑበት  የ 97 ዋን ሚያዝያ  30 እና የ 97 ዋን ግንቦት  7,handwritten
25047,hand_2535_line_7.png,ተስፋዬ  መንገሻ  ፤ ከፍተኛ  ፍ / ቤቱ ውስጥ  መንበረ  ፀሃይ  ታደሰ  ፈላጭ  ቆራጭ,handwritten
16633,hand_2547_line_11.png,ስድስት  መቶ  ሠላሳ  ስድስት  ኤጲስ  ቆጶሳት  ተቀምጠው  በኬልቄዶን  ለራሳቸው,handwritten
16632,hand_2547_line_10.png,በዲፕሎማሲ  ስራ ላይ ( ካያያዛቸው  ይመስላል  ) የተመደቡ  ይገኙበታል።  እሊህም,handwritten
16631,hand_2547_line_9.png,ህወሃት  ባደረገው  የትጥቅ  ትግል  ተሳትፈናል  የሚሉ  ስልጣን  ከያዙ  በኋላም  ተምረው,handwritten
20464,hand_2567_line_10.png,የዴሞክራሲዊ  ምርጫ  ባህሪያትን  የተላበሱ  አልነበሩም።  ለኔ ይኼ  ታሪክ  የማይመሰክርለት  በምኞት,handwritten
20463,hand_2567_line_9.png,የአገዛዝ  ስርዓቶች  የስልጣን  ዘመን  ለማራዛም  የተደረጉ  ( ) ምርጫዎች  እንጂ  አንዳቸውም,handwritten
20462,hand_2567_line_8.png,እና በኢህአዴግ  ዘመነ  - መንግስታት  ተደርገው  የነበሩ  ምርጫዎች  የአጼውን  ፣ የደርጉንና  የኢህአዴግን,handwritten
17340,hand_2569_line_7.png,ጸሎቴን  አቁዋርጬ  ተሸክመው  ይዘው  የሚወጡትን አየሁኝ  አኔም  ሰውዬው  የሞተ,handwritten
17339,hand_2569_line_6.png,መሆን  ይገባዋል  !!። እሱ ሲወድቅ  ጸሎት  ላይ ስለነበርኩ  በደንብ  አላረጋገጥኩም  ከዚያ,handwritten
17338,hand_2569_line_5.png,አይ ሄሄኄሄ  ..። የሚያስወግደው  ኃይል  ፤ ይኼን  መሠረታዊ  መነሻ  በትግሉ  ያዋኻደ,handwritten
13772,hand_2592_line_10.png,የሚጎዳና  የሚረብሽ  ፣ ቀጥሎም  የሐሳብ  መዋዠቅ  ፣ እንዲሁም  ወደ,handwritten
13771,hand_2592_line_9.png,ምን ማድረግ  ይኖርብኛል  ?። ይህ በፈተና  ምክንያት  የመጣው  ከባድ  ሐዘን  ስሜትን,handwritten
13770,hand_2592_line_8.png,ሆኜና  በአምላክ  ፈቃድ  ሁሉ ጽኑ እምነት  ኖሮኝ  መቆም  እችል  ዘንድ  በበኩሌ,handwritten
21407,hand_2595_line_9.png,ልጆቹ  እየተንጫጩ  ነው ፤ ቴሌቪዥኑ  ይጮኻል  ፤ አንተ  ደግሞ  በሥራ  ቦታ,handwritten
21406,hand_2595_line_8.png,የስልክ  ግንኙነቶች  ፣ ቻቶች  ፣ የአውደ  ምሕረት  ላይ ቅስቀሳዎች  ወዘተ  ተጠቃሽ  ናቸው።,handwritten
21405,hand_2595_line_6.png,ኔት ሎጎች  ፣ ትዊተሮች  ፣ በራሪ  ወረቀቶች  ፣ ብሮሸሮች  ፣ ደብዳቤዎች  ፣,handwritten
7246,hand_2628_line_10.png,የሚባለውን  ነገር ትተን  ሕሊናችን  ወደ ፈቀደው  ቤተ ክርስትያን  እየሄድን,handwritten
7245,hand_2628_line_9.png,"ስለሆነ  "" ይኼ  ገለልተኛ  ነው ፤ ይኼ  ደጋፊ  ነው ፤ ይኼ  ተቃዋሚ  ነው """,handwritten
7244,hand_2628_line_8.png,ነውም።  በተረፈ  ልብን  እና ኩላሊትን  የሚመረምር  እግዚአብሔር  ብቻ,handwritten
25458,hand_2640_line_9.png,ለመጀመሪያ  ጊዜ ከጥቁር  አንበሳ  የሕክምና  ፉኩልቲ  ትምሕርቴን  አቋርጬ  ከቤተሰቦቼ  ጋር የምኖርበት  ጊዜ,handwritten
25457,hand_2640_line_8.png,እንደምትፀዳዳ  ትገልፃለች።  ዒላማቸው  የማሰብ  ችሎታህን  ሳይሆን  ስሜትህን  ማነሳሳት  ነው።  የዚያን  ወቅት,handwritten
25456,hand_2640_line_7.png,ወንዙ  ስለሚያስፈራም  ከባለቤቷ  ጋር ሆና ወደ ወንዙ  እንደምትሄድና  ልጇም  ብትሆን  ወደ ወንዙ  በመሄድ,handwritten
26086,hand_2659_line_7.png,አሁን  ደግሞ  የኦሮሚያ  ክልል  ትብብር  እንዲያደርግልኝ  ለማድረግ  በማሰብ  ነበር እኔን,handwritten
26085,hand_2659_line_6.png,ከንቲባዎች  እና አስተዳዳሪዎች  ያደረጉልኝን  ትብብር  ከፌስቡክ  ገጼ ላይ አንብበው  ስለነበር,handwritten
26084,hand_2659_line_5.png,የሰሙ  አንድ  አባት  በትግራይ  ክልል  ወደ ሰማዕታቱ  ቤት ስሄድ  የአክሱምና  የኢንቲጮ,handwritten
24618,hand_2700_line_11.png,የሆነውን  ይህንን  ትእምርተ  መስቀል  ልናነግብ  ይገባናል።  ጋብሮቮውም,handwritten
24617,hand_2700_line_10.png,የሆነውን  እየሱስ  ክርስቶስን  እያመሰገንን  ሃይላችን  መመኪያችን,handwritten
24616,hand_2700_line_9.png,የላከልንን  የቅድስት  ምድር  የኢትዮጵያ  ልጇና  ንጉሰ  ነገስቷ,handwritten
16063,hand_2704_line_2.png,ሴምም  ለመልከጼዴቅ  ሰጥቶ  አስጠበቀው።  በጣም  ሲንዘፈዘፍ  ወደ ቤተዛታ  ሆስፒታል  ይዤው  ሄድኩ።,handwritten
16062,hand_2704_line_1.png,የሥነምግባር  ትጥቅ  መታጠቅ  ማለት  ደግሞ  ይኼ  ነው።  ኖኅም  ከመርከብ  ከወጣ  በኋላ  ለሴም  ሰጠው  ፤,handwritten
25786,hand_2703_line_10.png,ወቅዱስ  ፓትርያርክ  አቡነ  ማትያስ  የጉባኤውን  መከፈት  አስመልክተው  መግለጫ  ሰጥተዋል።,handwritten
2969,hand_2706_line_10.png,ሳታቀርብ  የቀጠለችው  አቶ ሃይለማርያም  ነካ ወዳደረጉት  የኦጋዴን  ነጻ አውጪ ግንባር  ጉዳይ,handwritten
2968,hand_2706_line_9.png,የኢኮኖሚ  ዕድገቱ  ከዚህ  በታች  እንደሆነ  የዘገቡትን  በንጽጽር በመጥቀስ  መስቀለኛ ጥያቄ,handwritten
2967,hand_2706_line_8.png,በማለት  የምስክር ወረቀት  ሰጥታ  ወደ ቀጣዩ  ጥያቄ  የገባችው  ጋዜጠኛ  የተለያዩ የኢኮኖሚ  ተቋማት,handwritten
368,hand_2708_line_8.png,የሰውነት  እንቅስቃሴዎቹ  በጣም  ያሳምሙኝ  ስለነበረ  ተስፋ  ቆርጬ  ለማቋረጥ ያሰብኩባቸው,handwritten
367,hand_2708_line_7.png,ሁላችንን  ወደዚህ  ቤተ ክርስቲያን  ገብተን  እንድንሰግድ  በመጋበዛቸው  ትልቅ  ውለታ  ነው የዋለሉልን።,handwritten
366,hand_2708_line_6.png,ነው።  ቄሱ ጥቅሶቹን  አውጥቼ  ሳነብለት  ራሱን  እየነቀነቀ አዪዪ  ፣ በቃ ጠፍተሻል አለኝ።  አባ ፑባላን  እኛን,handwritten
29217,hand_2709_line_8.png,ረድተዋል።  በዚህ  ጊዜ እኔ በቂ ገንዘብና ንብረት  ይዤ ነበር።  ዓለም  ጭንቅ  ልጇን እያማጠች,handwritten
29216,hand_2709_line_6.png,በዋነኝነት  ከዩኒቨርሲቲው  የበላይ  አመራሮች  ጋር በመሆን  የሚመሩት  እሳቸው  መሆናቸውን  ጠቅሰው  ፤,handwritten
29215,hand_2709_line_4.png,ይህንን  ሲጠይቁ  ስላልፈረሙ  ሳይሆን  ስምምነት  በሌለበት  ይኼንን  ነገር መጠየቅ የተገላቢጦሽ  ነው።,handwritten
21446,hand_2718_line_10.png,በተለይ  የአማራ  ህዝብ  የህወሀት  ዋነኛ  ዒላማ  ሆኖ የአገዛዙን  የግፍ  ፅዋ,handwritten
21445,hand_2718_line_9.png,የፈጠራ  ባለመብት  እንደሆነ  የቮልስ  ቺፍ መካኒኩ  አረጋገጠለት።  በዚህ  በኩል,handwritten
21444,hand_2718_line_8.png,የደርግ  ርዝራዦች  የሚያናፍሱት  የፈጠራ  ወሬ ነው ሲል ማጣጣል  ጀምሮአል።,handwritten
21716,hand_2721_line_10.png,ለማክበር  ከሩቅ  ቦታ ወደ ኢየሩሳሌም  በመጡበት  ወቅት  እርዳታ  ማድረግ  የሚያስፈልግበት,handwritten
21715,hand_2721_line_9.png,አይሁዶችና  ወደ ይሁዲነት  የተለወጡ  በርካታ  ሰዎች  በ 33 እዘአ  የጰንጠቆስጤን  በዓል,handwritten
21714,hand_2721_line_8.png,መሥፈርቶች  እንኳ  ማውራት  እንደማትችል  የሚገልጽ  እንደሆነ  ተደርጎ  ሊተረጎም  ይችላል  !።,handwritten
15807,hand_2777_line_8.png,አምሳሉ  ገብረ  ኪዳን  ፤ ፣ የኋላ  ልጇ ሥጋዋን ወርሶ  ተወለደባት  ፤ በዚህ  ሥጋውም  ዓለሙን,handwritten
15806,hand_2777_line_6.png,ሰልፍ  አድርገው  ነበር።  ታዲያ  አብዛኛው  ሰው ዝም  ባለበት  በዚያ  ጊዜ በምድረ  አሜሪካ,handwritten
15805,hand_2777_line_5.png,ባቸውን  የዘር መድልዎ  በመቃወም  ሶስት  መቶ የሚሆኑ  ቤተእስራኤላውያን  የተቃውሞ,handwritten
5079,hand_2782_line_6.png,የይሖዋ  ምሥክሮች  በቋንቋህ  ያዘጋጇቸው  በመጽሐፍ  ቅዱስ  ላይ የተመሠረቱ  ጽሑፎች  በሙሉ  አይኖሩህ,handwritten
5078,hand_2782_line_5.png,ተናገሩ።  ( ዘኁ 21 ፡ 7-9 ) ይላል።  እዚህ  ወንበር  ላይ ሽንኩርት  በማዳበሪያ  አስቀምጬ  ነበር አይተሻል  ?።,handwritten
5077,hand_2782_line_4.png,"እህትና  ሴት ልጇ ብቻ ነበርን።  4 , 2014 ፑቲን  ጦራቸው  በዩክሬን  ምንም  አይነት  እርምጃ  አለመውሰዱን",handwritten
17551,hand_2811_line_11.png,አገር እያፈረሰ  ነው ብሎ  መክሰስ  እርስ  በርስ  የሚጋጭና  የፖለቲካ  ራስን,handwritten
17550,hand_2811_line_10.png,ሲስፋፉ  እየታየ  አሁንም  ለሕዝቡና  ለዓለም  አቀፉ  ማኅበረሰብም  ይኼን  መንግሥት,handwritten
17549,hand_2811_line_9.png,መንገድ  ሲሠራ  ፣ መብራት  ሲስፋፋ  ፣ የንግድና  የኢንቨስትመንት  እንቅስቃሴዎች,handwritten
15725,hand_2821_line_12.png,ለችና  ንስሐ  ግቡ እያለ  ይጮኻል።  ብዙም  ሳይቆይ  ለአንድ  ወርሥልጠና  ተሰጠኝና,handwritten
15724,hand_2821_line_11.png,ነበረው።  የክርስቶስን  መንግሥቱንና  ጽድቁን  ለሚሹ  ሁሉ መንግሥተ  ሰማያት  ቀርባ,handwritten
15723,hand_2821_line_10.png,ለሙስሊሞች  እጅግ  አስፈላጊ  ስለመሆኑ  በሚለው  ርእስ  ዙሪያ የሙሃደራ  ፕሮግራም,handwritten
17783,hand_2826_line_8.png,እንደእከክ  ሆኖ ውሃ ያንጠባጥባል  2004 መስከረም  እግሩ  ፓራላይዝድ,handwritten
17782,hand_2826_line_7.png,እነሱ  ተመለሰ  ያው ግድ ስለሆነ  ትንሽ  እንደቆየ  ታመመ  ሰውነቱ,handwritten
17781,hand_2826_line_6.png,እርሱም  እውነቱን  ነገራቸው  ለሊት  በእስር  ቤት ውስጥ  ደበደቡት  ወደ,handwritten
11408,hand_2830_line_7.png,ሊቃነ  ኤጲስ  ቆጶሳት  በኒቂያ  ከተማ  በ 325 ዓ.ም የሲኖዶስ  ስብሰባ  አድርገው,handwritten
11407,hand_2830_line_6.png,እለእስክንድሮስ  አስተባባሪነት  በንጉሠ  ነገሥቱ  በቆስጠንጢኖስ  ተባባሪነት  318 አበው,handwritten
11406,hand_2830_line_5.png,ጋር እንዲገናኝ  ለቲቶ  ጽፎለታል።  ስለዚህ  ከአራት  ዓመት  በኋላ  በሊቀ  ኤጲስ  ቆጶሳት,handwritten
11409,hand_2830_line_8.png,ከኑፋቄው  አልመለስ  ያለውን  እልከኛውን  አርዮስንና  ትምህርቱን  አውግዘው,handwritten
11408,hand_2830_line_7.png,ሊቃነ  ኤጲስ  ቆጶሳት  በኒቂያ  ከተማ  በ 325 ዓ.ም የሲኖዶስ  ስብሰባ  አድርገው,handwritten
11407,hand_2830_line_6.png,እለእስክንድሮስ  አስተባባሪነት  በንጉሠ  ነገሥቱ  በቆስጠንጢኖስ  ተባባሪነት  318 አበው,handwritten
19524,hand_2871_line_2.png,የበቁ  ሲሆን  ብዙም  ሣይቆይ  ደግሞ  ኢስላማዊ  መንግስታት  በማሌዤያና  ኢንዲኔዠያ  አካባቢ,handwritten
19523,hand_2871_line_1.png,በ 13 ኛው  ክፍለዘመን  ደግሞ  አፍሪካና  ህንድ  ትልቅ  የኢስላማዊ  ሥልጣኔ  ማዕከል  ለመሆን,handwritten
17353,hand_2870_line_12.png,መሆኗ  አይዘነጋም።,handwritten
11881,hand_2918_line_6.png,ህዝቦችን መፃዒ ሰላማዊና የፍቅር ግንኙነት የምትተነብዩ አርቆ አሳቢ ወገኖች ስለሁለቱም ህዝቦች,handwritten
11880,hand_2918_line_5.png,እንዲጠብቁ በጋራ ተማምነውና ተስማምተው በፊርማቸው አረጋግጠዋል። የኤርትራና ኢትዮጵያ,handwritten
11879,hand_2918_line_4.png,ሢመተ ኤጲስ ቆጶሳትና ሢመተ ፓትርያርክን የመሰሉ ተግባራትን ከማከናወን እንዲቆጠቡና በትዕግሥት,handwritten
32799,hand_2951_line_2.png,ላይ ድሆች  ላላቸው  ዜጎች  መሰረታዊ  የምግብ  አቅርቦት  ሲያደርግ  ሌሎች  ወጭያቸውንም  ሲደጉም  የድሃ  መንግስት,handwritten
32798,hand_2951_line_1.png,ከእርሱ  ይኼ  አይጠበቅም  በማለት  ሁኔታውን  ይመለከት  የነበረ  አንድ  ሰው ተናገረ።  ከሚነጥቀውም,handwritten
7700,hand_2950_line_13.png,እበላለሁ  ፣ እርሱም  ከእኔ  ጋር ይበላል።,handwritten
32800,hand_2951_line_3.png,እየተባለ  ሲንቆለጳጰስ  ኖሯል።  የሰንደቅ  አላማ  ልዪ ክብርና  የአገር  ፍቅር  ሰዎች  ተወልደዉ  ከሚያድጉበት,handwritten
32799,hand_2951_line_2.png,ላይ ድሆች  ላላቸው  ዜጎች  መሰረታዊ  የምግብ  አቅርቦት  ሲያደርግ  ሌሎች  ወጭያቸውንም  ሲደጉም  የድሃ  መንግስት,handwritten
32798,hand_2951_line_1.png,ከእርሱ  ይኼ  አይጠበቅም  በማለት  ሁኔታውን  ይመለከት  የነበረ  አንድ  ሰው ተናገረ።  ከሚነጥቀውም,handwritten
32801,hand_2951_line_4.png,ማህበረሰብ  ፤ ከቤተሰብ  ፤ ከጎረቤትና  ከጓደኛ  እንደ  ምግብና  እንደ  ዉኃ እየበሉና  እየጠጡ  የሚያገኙት,handwritten
32800,hand_2951_line_3.png,እየተባለ  ሲንቆለጳጰስ  ኖሯል።  የሰንደቅ  አላማ  ልዪ ክብርና  የአገር  ፍቅር  ሰዎች  ተወልደዉ  ከሚያድጉበት,handwritten
32799,hand_2951_line_2.png,ላይ ድሆች  ላላቸው  ዜጎች  መሰረታዊ  የምግብ  አቅርቦት  ሲያደርግ  ሌሎች  ወጭያቸውንም  ሲደጉም  የድሃ  መንግስት,handwritten
24345,hand_3006_line_1.png,13 : 5 ) ለምሳሌ  ያህል  ፣ ፖርኖግራፊ  ሆን ብሎ  የሚመለከት  አንድ  ክርስቲያን  ቅዱስ  ሆኜ እየኖርኩ  ነው ?። ሁን ቆጥረው  ያደጉቱ,handwritten
27933,hand_3005_line_9.png,ቀሊጦ  ተብሏል።  ይኼን  ለመጀመሪያ  ጊዜ የሰማሁት  ፤ ኢሳያስ  ኢትዮጵያን  እንዲጠሉ  ፤ ኢትዮጵያ  መጣችባችሁ  !።,handwritten
27932,hand_3005_line_7.png,በመሆኑ  እኛ መሢሐችንን  ለማግኘትና  ከሙታንም  ለመነሳት  የመጀመሪያዎቹ  እንሆናለን  ብለው  በማመናቸው,handwritten
24346,hand_3006_line_3.png,"መመሳሰል  ለማስረዳት  ሁሉንም  እዚህ  ቦታ ላይ መፃፉ  አንድም  የቦታ  ጥበት  ስላለ  , ሁለትም  አስፈላጊ  ባለመሆኑ",handwritten
24345,hand_3006_line_1.png,13 : 5 ) ለምሳሌ  ያህል  ፣ ፖርኖግራፊ  ሆን ብሎ  የሚመለከት  አንድ  ክርስቲያን  ቅዱስ  ሆኜ እየኖርኩ  ነው ?። ሁን ቆጥረው  ያደጉቱ,handwritten
27933,hand_3005_line_9.png,ቀሊጦ  ተብሏል።  ይኼን  ለመጀመሪያ  ጊዜ የሰማሁት  ፤ ኢሳያስ  ኢትዮጵያን  እንዲጠሉ  ፤ ኢትዮጵያ  መጣችባችሁ  !።,handwritten
18667,hand_3014_line_8.png,ካሰለፈው  ጦር ጋር ሙሉ  በሙሉ  በመደምሰስ ለቀጣዮቹ  አርባ  አመታት  በሃገሪቱ  መረጋጋት,handwritten
18666,hand_3014_line_7.png,ሱማሌ  እስከ  ቤት ማላ ሰሜን  ኤርትራ  ያሉ የኢትዮጵያ  ማህበረሰቦችን  በሙሉ  በማስተባበር,handwritten
18665,hand_3014_line_6.png,የወላስማ  ሱልጣን አህመድ  ባድላይን  1432 -1445 በ 1445 ደዋሮ  ላይ ከሞቃዲሾ  ደቡብ,handwritten
27254,hand_3035_line_9.png,ይሁን  በነፋስ  ለጊዜው  ባልታወቀ  ምክንያት  ጀርባዋ  ላይ የተገኘው  ይህቺን  አለም  ተሰናብቶ,handwritten
27253,hand_3035_line_8.png,ሞተር  ብስክሌት  ላይ ልጇን  አዝላ  ከመሀል  ተፈናጣ  የነበረች  እናት  ስትወርድ  ልጁ በመታፈን,handwritten
27252,hand_3035_line_7.png,ነው የተመለስኩት።  የዛሬው  እስከመቼ  ይኼን  ጉዳይ  ይመለከታል።  ሁለት  ተሳፋሪ  በጫነ,handwritten
18100,hand_3081_line_9.png,እየጨመረ  መምጣቱን  ይናገራሉ።  አናጺ  በመሆን  ያሳለፈው  ሕይወት  ለአንዳንዶቹ  ምሳሌዎቹ,handwritten
18099,hand_3081_line_8.png,ከውጭ  ከሚያስገኘው  ከፍተኛ  ምንዛሪ  በተጨማሪ  በሀገር  ውስጥም  የተጠቃሚው  ቁጥር,handwritten
18098,hand_3081_line_7.png,ዋና ዳይሬክተር  አቶ ኃይለሥላሴ  ተክኤ  በበኩላቸው  ፤ የአበባ  አትክልት  እና ፍራፍሬ  ዘርፍ  ፤,handwritten
16125,hand_3087_line_8.png,የተነገራቸዉን  መረጃ  አየር  ላይ አውለዋል  በሚል  ክስ ከነበሩበት  የሃላፍነት  ቦታ,handwritten
16124,hand_3087_line_7.png,ሬዲዮ  የአፍሪካ  ቀንድ  ሃላፊ  ሚስተር  ዴቪድ  አርኖልድ  ፤ ይፋ ባልሆነ ዉይይት,handwritten
16123,hand_3087_line_6.png,አይነት  ትብብር  አየደረግለትም  መባሉን  ለህዝብ  ይፋ ያደረጉት  የአሜሪካ  ድምጽ,handwritten
16126,hand_3087_line_9.png,መነሳታቸውን  አዲስ  ቮይስ  የተባለው  ድሀረ  ገጽ አስታወቀ።  የሃጂ  ተጓዦች,handwritten
16125,hand_3087_line_8.png,የተነገራቸዉን  መረጃ  አየር  ላይ አውለዋል  በሚል  ክስ ከነበሩበት  የሃላፍነት  ቦታ,handwritten
16124,hand_3087_line_7.png,ሬዲዮ  የአፍሪካ  ቀንድ  ሃላፊ  ሚስተር  ዴቪድ  አርኖልድ  ፤ ይፋ ባልሆነ ዉይይት,handwritten
13464,hand_3090_line_9.png,ድንቅ ነጠላቸውን ሊለካት እንደወሰደባቸው ላለመመለስ ሲያቅማማ,handwritten
13463,hand_3090_line_8.png,መጥቶ ሳለ ከሽሮ ሜዳዎቹ ዶርዜ ሃይዞዎች የተሸለሟትን ባለጥበብ,handwritten
13462,hand_3090_line_5.png,ለማስቻል የሚካሔደው ምርመራ እንዲፋጠን መመሪያ መስጠቱን የሮይተር,handwritten
13465,hand_3090_line_10.png,"ባዩት ጊዜና , , ብለው በማሣፈር አስመልሰውታል አሉ ለዚያውስ",handwritten
13464,hand_3090_line_9.png,ድንቅ ነጠላቸውን ሊለካት እንደወሰደባቸው ላለመመለስ ሲያቅማማ,handwritten
13463,hand_3090_line_8.png,መጥቶ ሳለ ከሽሮ ሜዳዎቹ ዶርዜ ሃይዞዎች የተሸለሟትን ባለጥበብ,handwritten
10585,hand_3168_line_5.png,ባለፉት  ስድስት  ተከታታይ  የመግቢያ  ትምህርቶች  ጠቃሚ  መንፈሳዊ  ግንዛቤን  እንዳገኛችኁ,handwritten
10584,hand_3168_line_3.png,ውል  የተዋዋለ  በማስመሰል  የቻርተርፓርቲ  ቢል ኦፍሊዲንግ  ለባንክ  በማቅረብ  የእቃውንና,handwritten
10583,hand_3168_line_2.png,ያደረገው  ውል  ሣይኖር  እንደ  አውሮፖ  አቆጣጠር  ግንቦት  29 ቀን 1998 ዓ.ም የቻርተርፓርቲ,handwritten
22033,hand_3170_line_9.png,አመታዊ  እድገት  አስመዝግባል።  ኋላ ላይ ከኤልያስ  እንደተረዳሁት  መልእክቱ,handwritten
22032,hand_3170_line_8.png,ካስመዘገቡት  5.2 በመቶ  አማካይ  እድገት  በእጥፍ  በአማካይ  10 .6 በመቶ,handwritten
22031,hand_3170_line_7.png,ባደረገው  ሪፖርት  ባለፉት  አስር  አመታት  የኢትዮጰያ  ኢኮኖሚ  የአፍሪካ  አገራት,handwritten
22034,hand_3170_line_10.png,፤ መታገል  እየፈለግን  ያለ ምንም  እንቅስቃሴ  በየካምፑ  ተወዝፈን  ነውና  የም,handwritten
22033,hand_3170_line_9.png,አመታዊ  እድገት  አስመዝግባል።  ኋላ ላይ ከኤልያስ  እንደተረዳሁት  መልእክቱ,handwritten
22032,hand_3170_line_8.png,ካስመዘገቡት  5.2 በመቶ  አማካይ  እድገት  በእጥፍ  በአማካይ  10 .6 በመቶ,handwritten
9358,hand_3269_line_6.png,እንዳይኖር  ነው የስትራቴጂያችን  ዒላማ  !። 21 በዚያን  ሰዓት  ኢየሱስ  በመንፈስ,handwritten
9357,hand_3269_line_5.png,የተገፋ  ፣ በኢኮኖሚ  የደቀቀ  ፣ ማህበራዊ  ድርና  ማጉ ውሉ  የጠፋ  ህብረተሰብ,handwritten
9356,hand_3269_line_4.png,ያቀዱት  እና ለመተግብረ  የፈለጉት  አገር በተግባር  መስራት  አልቻለም።  በፖለቲካ,handwritten
25685,hand_3282_line_9.png,የአደራው  ንጉሤ  ሴት ልጅ ወ / ት እጸገነት አደራው  በገንዘብ  ያዥነት  እንዲሁም  በካቴድራሉ  መልካም  ሰው በመምሰል,handwritten
25684,hand_3282_line_8.png,አበባ  ከተማ  ለተለያዩ  የውጪ  ሀገር  ኗሪዎች  7 ፎቅ ቤቶችን  በተለያዩ  አካባቢዎች  ሰርቶ  የሚያከራየው  ቀድሞ አለቃ,handwritten
25683,hand_3282_line_7.png,በአዲስ  አበባ  ሙስናና  ዘረፋን  በማበረታታት  እነ የካ ሚካኤልን  እንዳያገግሙ  አድርጎ  በዘረፋ  ባዶ ያስቀራቸው በአዲስ,handwritten
23863,hand_3298_line_4.png,የማዕከላዊ  ኮሚቴ  አባልና  ከፍተኛው  የመከላከያ  አዛዦች  አንዱ  እንደመሆኔ  የመንግሥትን  አቋም,handwritten
23862,hand_3298_line_3.png,ልውውጥ  ያደረጉ  15 ፀረ - ሰላም  ሃይሎች  መገደላቸውን  ኃላፊው  ገልፀዋል።  እ.አ.አ እስከ  1994 ዓ.ም,handwritten
23861,hand_3298_line_2.png,አካባቢ  በህዝብ  ላይ ጉዳት  ለማድረስ  ሲንቀሳቀሱ  ተደርሶባቸው  ከክልሉ  ልዩ የፖሊስ  ኃይል  ጋር የተኩስ,handwritten
5685,hand_3360_line_5.png,ድምጽ  ላይ ተመስርቶ  የወረዳ  ምክር  ቤቶች  እንዲመሰረቱ  አመቺ  ሁኔታ  መፍጠር  እንደሚገባ,handwritten
5684,hand_3360_line_4.png,አጀንዳቸውን  ይዘው  በመቅረብ  ፤ ሕዝቡ  ደግሞ  ይኼ  ፓርቲ  እኛን  ያስተዳድራል  በሚል  በሚሰጠው,handwritten
5683,hand_3360_line_3.png,...። የፖለቲካ  ፓርቲዎች  ተጨባጭ  የሆነ  የሚታይና  የሚዳሰስ  ፣ አገሪቱን  ይጠቅማል  የሚሉትን,handwritten
23850,hand_3418_line_10.png,በቋንቋ  ፣ በሥልጣን  ድልድል  እንዳስጠበቀው  ሁሉ እኛም  በዚያ  ዘዴ ልናስጠብቅ  እንችላለን,handwritten
23849,hand_3418_line_9.png,በአጼ  ምኒልክና  በአጼ  ኃይለሥላሴ  ዘመን  በኢትዮጵያ  አንድነት  ስም የአማራውን  የበላይነት,handwritten
23848,hand_3418_line_8.png,ወደ ሥልጣን  የሚመጡ  ከሆነ  በዚያች  በሁለቱ  ዝሆኖች  በሚለው  ላይ እንደገለጽኩት  አማራው,handwritten
13147,hand_3429_line_10.png,በጀነራል  ሳሞራ  የኑስ  ቡድን  እና በሌ / ጀነራል  አብረሀ  ወ / ማርያም,handwritten
13146,hand_3429_line_9.png,እንዲዘጋ  ለ ሪፖርት  ማድረግ።  በከፍተኛ  ወታደራዊ  አዛዦች  ማለትም,handwritten
13145,hand_3429_line_8.png,ነገር የሚለጥፉትና  ከግሩፑ  ውጭ  ማድረግ  እንዲሁም  አካውንታቸው,handwritten
13148,hand_3429_line_11.png,ቡድን  መካከል  ተፈጥሮ  የቆየው  ጎራ ለይቶ  መሰላለፍና  አንዱ,handwritten
13147,hand_3429_line_10.png,በጀነራል  ሳሞራ  የኑስ  ቡድን  እና በሌ / ጀነራል  አብረሀ  ወ / ማርያም,handwritten
13146,hand_3429_line_9.png,እንዲዘጋ  ለ ሪፖርት  ማድረግ።  በከፍተኛ  ወታደራዊ  አዛዦች  ማለትም,handwritten
7908,hand_3434_line_7.png,አልፎ  እስካለው  ምድር  ድረስ  ያለውን  አካባቢ  ያካትት  ነበር።  ለራሳችሁና  መንፈስ  ቅዱስ  ኤጲስቆጶሳት  አድርጎ,handwritten
7907,hand_3434_line_6.png,አንስቶ  እስከ  ሜሶጶጣሚያ  እንዲሁም  በስተ  ሰሜን  ካሉት  የቶረስ  ተራሮች  አንስቶ  በስተ  ደቡብ  እስከ ደማስቆና ከዚያ,handwritten
7906,hand_3434_line_5.png,እንደሚሰርቀኝም  አውቃለሁ።  የሴም  ልጅ የሆነው  የአራም  ዘሮች  ሲሆኑ  ዋነኛ  መኖሪያ  ስፍራቸው  ከሊባኖስ ተራሮች,handwritten
9940,hand_3436_line_6.png,ፈቃድ  ስለ ኃጢአታችን  ራሱን  ሰጠ።  ለወደፊቱም  የቦ የጉ ወኪል  የደንበኞቻችን  ጊዚ ለመቆጠብ  ተጓዡ,handwritten
9939,hand_3436_line_5.png,አምላካችን,handwritten
9938,hand_3436_line_4.png,ሥራውን  ያከናውንበታል።  ይኼም  ቅዱስ  ጳውሎስ  መልእክቶቹን  ሲጀምር  ፡ - እንደ  አባታችንና  እንደ,handwritten
9941,hand_3436_line_7.png,በተመቸው  ቀንና  ሰዓት  የመኪና  ፣ የሆቴልና  የባቡር  መከራዬትን  የሚያስችል  ድህረ  ገፅ ለማቅረብ  በከፍተኛ,handwritten
9940,hand_3436_line_6.png,ፈቃድ  ስለ ኃጢአታችን  ራሱን  ሰጠ።  ለወደፊቱም  የቦ የጉ ወኪል  የደንበኞቻችን  ጊዚ ለመቆጠብ  ተጓዡ,handwritten
9939,hand_3436_line_5.png,አምላካችን,handwritten
11933,hand_3476_line_11.png,እዳ ባለመክፈሉዋ ነው። በሰዋሰው ትምህርት ባለቤት ምናምን የሚሉት ነገር አለ,handwritten
11932,hand_3476_line_10.png,ማስጠንቀቂያውን የሰጡት ዩክሬን ያልከፈለችውን ከ 2 ቢሊዮን ዶላር በላይ,handwritten
11931,hand_3476_line_8.png,የሀገሬው ህዝብ ግን ሊያያቸው ቀርቶ ከነመኖራቸው ማወቁንም ይጠራጠራሉ ዶ / ር,handwritten
24136,hand_3511_line_3.png,ልምምድ  ያደርጉ  ነበር።  ቀደም  ባሉት  ጊዜያት  በአገራችን  ውስጥ  ጥሩ,handwritten
24135,hand_3511_line_2.png,በመጀመሪያዎቹ  ሳምንታት  አዲስ  ምልምል  ወታደሮች  የዒላማ  ተኩስ,handwritten
24134,hand_3511_line_1.png,ታዲያ  ዪህ ትክክለኛ  ፍርድ  ነው ትላላለቹ  ?። እዚያ  በታሰርኩበት,handwritten
24137,hand_3511_line_4.png,እንቀስቃሴ  ከሚደረግባቸው  ተጠቃሽ  አይነቶች  መካከል  የቮሊቦል,handwritten
24136,hand_3511_line_3.png,ልምምድ  ያደርጉ  ነበር።  ቀደም  ባሉት  ጊዜያት  በአገራችን  ውስጥ  ጥሩ,handwritten
24135,hand_3511_line_2.png,በመጀመሪያዎቹ  ሳምንታት  አዲስ  ምልምል  ወታደሮች  የዒላማ  ተኩስ,handwritten
27619,hand_3546_line_9.png,ደንከን  ኪቤት  በ 2008 ያስመዘገበው  2 : 07 : 53 የሆነ  የውድድሩ  ሪኮርድ  ሰዓት  ሊሰበር  እንደሚችልም,handwritten
27618,hand_3546_line_8.png,የፊታችን  ዕሁድ  የሚካሄድ  ሲሆን  በተለይም  በወንዶቹ  ውድድር  ላይ ጠንካራ  ተፎካካሪዎች  እንደሚገኙበት  እና,handwritten
27617,hand_3546_line_7.png,ጠባብ  የአለቆች  ቡድን  መደገፍ  አለባቸው።  ሚላኖ  ( ጣልያን  ) 14 ኛው  ሱዪሴጋስ  ሚላኖ  ሲቲ ማራቶን,handwritten
24035,hand_3548_line_8.png,ኖች የማስረዳት  ፣ የማግባባትና  የማስማማት  ሥራ  ውስጥ  መግባት  ፣ ለዚህም  በመካከሉ  ያሉ ልዩነቶችን  ጠብቆ,handwritten
24034,hand_3548_line_7.png,የሚያደርስ  ታማኝነት  ነው ምን አይነት  ሀያል  ፍቅር  ቢሆን  ነው ?። ዳያስፖራው  በየአገሩ  ስላሉ  መልካም,handwritten
24033,hand_3548_line_6.png,ዐይኗ  ዕያየ  በቦንብ  ተቃጥላ  የሞተች  የወዳጇን  የአደራ  ኑዛዜ  ለመፈጸም  ኖሯል  ፤ ምን አይነት  እስከ  ሞት,handwritten
24879,hand_3552_line_3.png,መፈጸሙ  በሮይተርስ  ዘገባ ተመልክቷል።  በ 2005 የኤፍ  ኤካፑን  ዋንጫ  ካነሱ  በኋላ  ላለፉት  ዘጠኝ,handwritten
24878,hand_3552_line_2.png,ሹም  የሚገኙበት  ወታደራዊ  ቡድን  ታጅቦ  በአካባቢው  ጥናታዊ  ጉብኝት  በሚያካሂድበት  ወቅት  አደጋ,handwritten
24877,hand_3552_line_1.png,ይኼ  የእኛ  ጥያቄ  ነው።  ሰሞኑን  በቦርኖ  ግዛት  ውስጥ  አዲሱ  የናይጀሪያ  ጦር ሠራዊት  ኤታማዦር,handwritten
15716,hand_3604_line_9.png,በአገሪቱ  የነበረው  ሁኔታ  ይህን  ይመስል  ነበር።  እግዚአብሔር  ከዮሴፍ  ጋር ሆኖ ሥራውን  ሁሉ,handwritten
15715,hand_3604_line_8.png,ይኖር  በነበረ  አንድ  ታዋቂ  ቤተሰብ  ውስጥ  ስቲፋኖስ  ኢዮኒስ  ፖጎናቶስ  የተባለ  ሕፃን  ሲወለድ,handwritten
15714,hand_3604_line_7.png,አነስተኛ  ኢንተርፕራይዞች  ለማሸጋገር  እንደሚረዳ  ገልጸዋል።  በ 1670 አካባቢ  በሌዝቮስ  ደሴት,handwritten
16510,hand_3606_line_9.png,አንደኛ  ደረጃ  ትምህርት  ቤት ዳይሬክተር  የነበሩ  ት አቶ ጽጌንና  ባለቤታቸውን  በየቀኑ  አያቸው,handwritten
16509,hand_3606_line_8.png,በሚገኘው  የሀይለ  ማርያም  ማሞ  ሁለተኛ  ደረጃ  ትም  ህርት  ቤት ስገባ  የዓጼ  ዘርአ  ያዕቆብ,handwritten
16508,hand_3606_line_6.png,ባንዲራ  እንዳዋረዱ  መግለጹን  ፣ ቴሊቪዥኑ  ለተወሰኑ  ሰኮንዶች  ባቀረበው  ቪዲዮ  አንድ  ግለሰብ,handwritten
19458,hand_3628_line_11.png,ይሁንልን  ፤ አሜን።  እግረ  መንገድ  ይቺን  ስሙኝማ  የጋብሮቮዋ  ሚስት  ባሏን  ሾርባ,handwritten
19457,hand_3628_line_10.png,ኃይል  በአፋጣኝ  ላክልን  ፤ እንደኛ  የኃጢኣት ቁልል  ሣይሆን  እንደምሕረትህ  ብዛት,handwritten
19456,hand_3628_line_9.png,ከዚህ  ውጥንቅጥና  የተደራረበ  ችግር  የሚያወጣን  በቅዱስ  መንፈስህ  የሚመራ  አንድ  ሙሤያዊ,handwritten
24520,hand_3688_line_9.png,ጋራዥ  የከፈቱለት  ሲሆን  በጋራዡና  በሐይቁ  መካከል  ደግሞ,handwritten
24519,hand_3688_line_8.png,ቻሉ።  ወ / ሮ አማረች  ሐይቁ  አካባቢ  ለአንደኛው  ልጃቸው  ዘመናዊ,handwritten
24518,hand_3688_line_5.png,፡ ተሰማ  ፡ እሸቴ  ፥ እጁ ፡ ብልኅ  ፡ ነውና  ፥ መኪና  ፡ መንዳት  ና ፡ መጠገን,handwritten
2607,hand_3707_line_2.png,ሯቸው  የለመዱትን  የሦስት  ቀናት  የልኬታ  መዋቅር የሚያልፍ  ቀመር  ስለሚሆን  ፣ ከነገ በስቲያ,handwritten
2606,hand_3707_line_1.png,ሰኞ ዕለት  ስለመጪው  ሀሙስ  የሚናገሩ  ከሆነ  ፣ ከነገ በስቲያ  በስቲያ  አይሉም  ፤ ይኼ  በአእም,handwritten
8223,hand_3706_line_11.png,ዜጋም  በቃ አንተ  ፕሮፖዛል  ጻፍና  ይዤልህ  ልሂድ  ይላቸዋል።,handwritten
1732,hand_3713_line_11.png,ፊልጶስን  እባክህ  ንገረኝ  ፣ ነቢዩ  ይህን  የተናገረው  ስለ ማን ነው ?። ወ / ሮ ተናኜ  ፡ - እኔ ይሄንን  አላቅውም።,handwritten
1731,hand_3713_line_10.png,15 ተስፋ  ስንል  እንዲያው  ባዶ ምኞት  ወይም  ቅዠት  ማለታችን  አይደለም።  + 34 ጃንደረባውም,handwritten
1730,hand_3713_line_9.png,።  እንዲያው  ለነገሩ  አጼ ምኒሊክ  ከነስማቸው  እምዬ  ምኒሊክ  አልነበር  የሚባሉት  ??።,handwritten
320,hand_3725_line_11.png,እንዲያው  በደፈናው  ማሳጣቱ  ወይም  ለወቀሳ  መዳረጉ  ልዪነቶችን  ከማስፋቱ በተጨማሪ,handwritten
319,hand_3725_line_10.png,ስንገኝ  ከወገንተኝነት  የጸዳ  ስብከት  እና ስርአተ  ቤ / ክን ትምህርት የሚሰጡ ወገኖችን,handwritten
318,hand_3725_line_9.png,ብቃቱ  ሆነ ብልሃቱ  የጎደላቸው  በረካታ  መሪዎች  ሆኑ ሰባኪያን  በተበራከቱበት አለም  ውስጥ,handwritten
2737,hand_3758_line_2.png,ተቀምጠዋል።  ራስሽን  አታታልዪ።  ማኅበረ  ቅዱሳን ባዘጋጀው  ማዕዶት  ዘቤተ  ጉባኤ  ወገዳማት  ዐውደ,handwritten
2736,hand_3758_line_1.png,ፕሪሚየር  ሊጉ ማንችስተር  20 ጊዜ ፣ ሊቨርፑል  18 ጊዜ ሻምፒዮን  በመሆን  የመሪነት  ደረጃ  ላይ,handwritten
1322,hand_3757_line_10.png,፥ ሉቃስን  ፥ ፊልጶስንና  ጳውሎስን  ስጠይቅ  አድራለሁ።,handwritten
981,hand_3765_line_10.png,ነበር።  ልክ እንደ  ወንጌላዊው  ፊልጶስ  እነዚህ  ቃላት  ምን ትርጉም  እንዳላቸው,handwritten
980,hand_3765_line_9.png,በመጠቀም መሆኑን  ገልፀዋል።  ስለዚህ  ክሊፑን  በመስራት  መልዕክቱን  ህዝቡ  እንዲረዳው  ማድረግ  ያስፈልግ,handwritten
979,hand_3765_line_7.png,ለመሳብ  ጠማማ  ነገር የሚናገሩ  ሰዎች  ይነሳሉ።  ቦርዱ  ትምህርቱን  በመስጠት  ላይ ያለው የየክልሎችን  ብዙሃን,handwritten
1536,hand_3819_line_11.png,የመገማገም  ባህል  ድርጅቱ  ከመሰነጣጠቅ  ፣ ከመበስበስና  ከመዳከም  የታደገ,handwritten
1535,hand_3819_line_10.png,ሲወያይ  ይኼንን  ጠቃሚ  ቃለ ምልልስ  በአእምሮ  ይዞ መሆን  አለበት።  በትጥቅ ትግል  ይኼው,handwritten
1534,hand_3819_line_9.png,አባት  አባ ቢሶራ  በሰማዕትነት ዐረፈ።  እንግዲህ  ከዚህ  ቀጥሎ  መደረግ  ስላለበት ማንም,handwritten
33186,hand_3841_line_8.png,ከወዲሁ  ከፍርድ  ቤት ውጪ  በተከሳሾች  ላይ ለመፍረድ  እና ሌሎችም  ብዙ ሰይጣናዊ  ዓላማዎችን  ለማሳካት,handwritten
33185,hand_3841_line_6.png,ህዝብ  ማታለል  ፣ ማሸበር  ፣ ሙስሊሙ  እና ክርስቲያኑ  በጥርጣሬ  እንዲተያይ  ማድረግ  ፣ በህዝበ  ሙስሊሙ  ጥያቄዎች,handwritten
33184,hand_3841_line_5.png,የሆነው  ሆኖ ለማክሰኞ  የተደገሰው  መንግሥታዊ  ድራማ  ዓላማው  ህዝብን  ሐሰት  በታጨቀ  የተቀናበረ  ድራማ  ፣ የአገሪቱን,handwritten
1980,hand_3853_line_3.png,ሸጋዋን  የእጅጋየሁ  ሺባባውን  ( የጂጂን  ) ውብ  ዜማ  በኅሊናዬ  እያመላለስኩና  በለሆሳስ  እያንጎረ,handwritten
1979,hand_3853_line_2.png,ዓባይ  ፣ ዓባይ  ወንዛ  ወንዙ  የሚለውን  በእጅጉ  የማደንቃትን  የባለ  ቅኔዋንና  የድምፀ,handwritten
22421,hand_3852_line_9.png,መከራ  አቋርጠው  ለተረፉ  ሰዎች  ሁሉ ስስ ልብ ነበረኝ።,handwritten
415,hand_3868_line_9.png,አንዱ  ነበሩ።  ከዚያ  በፊት  ተጀምሮ  የነበረውን ድርድር  እንዲቀበሉ  ለሁቲይን  አማጺዎች  ከትላንት,handwritten
414,hand_3868_line_5.png,ሥራ  እየተካኼደ  መሆኑን  የገለፁት  ሰብሳቢው  ፤ እስካሁን  ሰማንያ  ሺሕ ብር ከምእመናን,handwritten
413,hand_3868_line_4.png,ቤተ ክርስቲያን ለማነፅ  ባለፈው  ዓመት  የሕንፃ  አሠሪ  ኮሚቴ  ተዋቅሮ  ገንዘብ  የማሰባሰቡ,handwritten
2977,hand_3872_line_8.png,አይመሰልንም። እንደራሴ  ክሪስ  እንደገና  ለድምጽ  እንደሚያቀርቡት  ደጋግመው  የገለጹት  ይህ ህግ,handwritten
2976,hand_3872_line_7.png,ቅኝ አገዛዝ  ቁጥጥር  ስር ማዋልና  ሀገርንም  መበታትን  ሊከሰት  እንደሚችል  ብዙዎቻችን  የተረዳን,handwritten
2975,hand_3872_line_6.png,ተብሎ  በጥድፊያ  መፍገምገም  በስተመጨረሻ  ሀገርን  ለባእዳን ተስፋፊዎች  ዘመናዊ  የእጅ  አዙር,handwritten
29313,hand_3907_line_9.png,ሰዎች  በእኩልነት  የፈለጉትን  ነገር ማድረግ ይችላሉ  የሚለው  ነገር አጉል  ቅዠት,handwritten
29312,hand_3907_line_8.png,ኢኮኖሚ  የቅዠት  አለም  ውስጥ  ሆነን ግለሰቦች  የግለሰብ  ነፃነትን  በመጠቀም,handwritten
29311,hand_3907_line_7.png,ይችላል።  የግሎባል  ካፒታሊዝም  ማታለያ  በሆነው  የሊበራል  - ዲሞክራሲና ሊበራል  -,handwritten
8120,hand_3911_line_8.png,እንደሌለው  ወይም  ግዴለሽ  እንደሆነ  አይናገርም  ፤ እንዲያውም  መጽሐፍ  ቅዱስ  የሚያስተምረው  አምላክ  መከራ,handwritten
8119,hand_3911_line_7.png,ጽሑፎቹን  ጠረፍ  አቋርጦ  በማጓጓዙ  ሥራ  እንደ  መልእክተኛ  ሆኜ አገለግል  ነበር።  መጽሐፍ  ቅዱስ  ፣ አምላክ ርኅራኄ,handwritten
8118,hand_3911_line_6.png,ይኼንን  እኛ የአቅም  ማጠናከር  ( ካፓሲቲ  ቢዩልዲንግ  ) ፕሮግራም  እንለዋለን።  ሥራችን  በበርሊን  ምዕራባዊ ክፍል  ስላልታገደ,handwritten
3085,hand_3920_line_9.png,ልጅ ለጢሞቴዎስ  የላከው  በአርዮስፋጎስ  ( መካነ ጥበብ) የሚያስተምር  የአቴናው  ኤጲስ  ቆጶስና  ለቅዱሳን ሐዋርያት,handwritten
3084,hand_3920_line_8.png,"ያን ጊዜ የመለኮትን  ነገር ከሚናገሩ  መጻሕፍት  እውቀት  ይገለጽልናል  "" ይህን  ቃል ለቅዱስ  ጳውሎስ  የመንፈስ",handwritten
3083,hand_3920_line_7.png,"መድኃኒቱን  ከሌላ  ሰው  እጅ በማግኘቴ  ገዝቼ  አስቀምጬዋለሁ።  "" ወደላይ  አቅንተን  እንለምን",handwritten
338,hand_3923_line_10.png,ስላልደረሰላቸው  ትግራይ  ውስጥ  በሚገኘው  ደብረዳሞ  ገዳም  ውስጥ  ተሸሸገው,handwritten
337,hand_3923_line_9.png,ሊሸከም  ነው።  አጼ ልብነድንግል  የፖርቱጋሎቹን  ርዳታ  ቢጠይቁም  እንኳን በአፋጣ,handwritten
336,hand_3923_line_8.png,እንዳታስቡ  እኔ በጌታ  ስለ እናንተ  ታምኜአለሁ  ፤ የሚያናውጣችሁ  ማንም  ቢኖር ግን ፍርዱን,handwritten
706,hand_3938_line_9.png,በስተጀርባ  ያለውን  በኢትዮጵያዊነት  ካባ የተሸፈነና  የአማራውን  ህዝብ  በትምክህተኝነት,handwritten
705,hand_3938_line_8.png,ሃብታሙ  አያሌው  መጣጥፍም  የሚያሳብቀው  ነገር ይህንኑ  ከአንድነት  ተቃውሞ,handwritten
704,hand_3938_line_7.png,ፖለቲካ  በስተጀርባ  ያለው  ህውሃትና  አብዮታዊ  ዴሞክራሢ  እንደሆኑ  የሚያወሣው የአቶ,handwritten
2477,hand_3939_line_11.png,"በ ሰው  አገር በ ሰደት  የኖሩ  , የ ሰላም  የማይፈልጉ  አሉ ይሀ ነው የ እጃ ችግር  , ሰላም  እና ፊከር",handwritten
2476,hand_3939_line_6.png,ካመለከቱባቸው  ቢሮዎች  መካከል  በኦሮሚያ  እና በፌደራል  ቢሮዎች  የይማኖት  ጉዳዮች  ሰክሬታሪያት  ፡,handwritten
2475,hand_3939_line_4.png,ለሚሆን  ግዜ,handwritten
20290,hand_3998_line_11.png,ዝነኛው  የሩሲያ  ገጣሚ  አሌክሳንደር  ፑሽኪን  የተወለደው።  እኔ ይዤው,handwritten
20289,hand_3998_line_10.png,የተሰደደው  ወጣት  ሩሲያ  ገብቶ  ኖሮ አግብቶ  ነው ከዚሁ  ልጆች  ታዋቂውና,handwritten
20288,hand_3998_line_9.png,አዝናኝ  ትርዒቶች  ቀርበዋል።  ከኢትዮጵያ  መሳፍንት  ቤተሰብ  የተወለደውና  እውቀት  ፍለጋ,handwritten
21291,hand_4037_line_9.png,ቢሆን  አይተናል።  የይሖዋ  ምሥክሮች  ከሕግ  ጋር በተያያዘ  ካገኟቸው  ድሎች  ሌሎችም  ይጠቀማሉ  ?።,handwritten
21290,hand_4037_line_8.png,አመለካከት  ፣ ቀኖናዎች  ፣ ሰዎቹም  ጭምር  ሲወገዙ  ፣ ሲጠሉ  ፣ አብዝተው  ሲነቀፉ  ልባችን  እየደማም,handwritten
21289,hand_4037_line_7.png,በአጼ  ዘርዐ  ያዕቆብ  ዘመን  ከእስጢፋኖሳውያን  መነሳት  ጀምሮ  ተሐድሷዊ  ሕይወት  ፣ ትምህርት  ፣,handwritten
1269,hand_4042_line_9.png,ዜጎችን  ያስጎነበሰውን  የየሀገራቸውን  ሥርዓት  ለሁልጊዜ  እንደቀየሩት  ህዝቦች  ሁሉ ፣ በአዲስ ተስፋ  ፣ በአዲስ  ሃሳብ,handwritten
1268,hand_4042_line_8.png,የራሳቸውን  መፃዒ  ዕድል  በራሳቸው  እጅ አስገብተው  ፣ በሀገራቸው  ለዘላለም  የተተከለ  ይመስል  የነበረውን  ፣,handwritten
1267,hand_4042_line_7.png,የሚያተፉትን  ጊዜ ይቆጥባል።  ለሀገራቸው  የፍትሕና  የነፃነት  በጎ ሃሳብ  አጥርተው  አስበው  ፣ የሀገራቸውንና,handwritten
2011,hand_4044_line_4.png,3000 ሺ አመታት  በላይ  መሆኑንና  የተጻፈዉም  በተወሰኑ  ሰዎች  ብቻ ሳይሆን  በተለያዪ  ኢትዮጵያዉያንና,handwritten
2010,hand_4044_line_2.png,ቀጥሎ  በዚያ  አካባቢ  የዛሬዎቹን  ኢንዶኔዠያን  ፣ ማሌዠያን  ፣ ደቡብ  ፊሊፒንስን  ፣ ደቡብ  ታይላንድን  ለመሸፈን,handwritten
2009,hand_4044_line_1.png,ምንም  እንኳ  ሰፊው  የማላይ  አካባቢ  በቅኝ  አገዛዝ  ሥር የወደቀ  ቢሆንም  እስልምና  ግን መስፋፋቱን,handwritten
2450,hand_4046_line_9.png,ሚኒስትሩ  ገልጸው  ይህ ደግሞ  የመንግስታቸው  አቋም እንደሆነና  ሁሉም  ፖሊሢዎችና  ስትራቴጂዎች  ህዝብን,handwritten
2449,hand_4046_line_7.png,ጋር የሚደረጉት  ውይይቶች  ችግሮችን  ለመሥማትና  ለመፍታት  ብቻ ሳይሆን  ህዝቡ  መንግስት  የሚያወጣቸውን እቅዶች,handwritten
2448,hand_4046_line_5.png,የጭቅላ  ድምጽ  ሆኗል  ፤,handwritten
31866,hand_4059_line_8.png,እነሱም የባርነት ግፋቸውን ፣ ያደፈልባቸውን ፣ ያቄመልቦናቸውን በወንድሞቻቸው,handwritten
31865,hand_4059_line_7.png,ዛሬ በእሳት አቃጠሉ ፣ በድንጋይ እንደ ዘማይ በአደባባይ ወገሩ ፣ እንደ ጌቶቻቸው,handwritten
31864,hand_4059_line_6.png,ያሸገሩላቸውን ዚምቡዋቤዎች ፣ መሪዎቻቸውን ወስደው ያሰለጠኑላቸውን ኢትዮጵያውያኖች,handwritten
10855,hand_4070_line_4.png,እንዲሁም በዩቲዩብ ላይ በቪዲዮ የተለቀቁና የሚለቀቁም ትምህርቶች መልዕክቶች ይኖራሉ,handwritten
10854,hand_4070_line_3.png,በአካልየ መገናኘትና የመቀራረብ ዘመን እስኪመጣም ድረስ በፌስ ቡኬ በብሎጎቼና በጎግል,handwritten
10853,hand_4070_line_2.png,ያገልግሎቱ ግሩፕ ያዘጋጀሁ በመሆኔ እዚያ ግሩፕ ውስጥ መግባትና መሳተፍም ይቻላል,handwritten
10856,hand_4070_line_5.png,በጽሑፍም ተዘጋጅተው የተለቀቁም እንደዚሁ አሉና እነርሱን መከታተል ነው ወደፊት እንደ,handwritten
10855,hand_4070_line_4.png,እንዲሁም በዩቲዩብ ላይ በቪዲዮ የተለቀቁና የሚለቀቁም ትምህርቶች መልዕክቶች ይኖራሉ,handwritten
10854,hand_4070_line_3.png,በአካልየ መገናኘትና የመቀራረብ ዘመን እስኪመጣም ድረስ በፌስ ቡኬ በብሎጎቼና በጎግል,handwritten
10857,hand_4070_line_6.png,ጌታ ፈቃድ ሌሎችም እቅዶች ይኖሩኛል እየጸለይኩበት እገኛለሁ እናንተም ጌታ ባሳሰባችሁ,handwritten
10856,hand_4070_line_5.png,በጽሑፍም ተዘጋጅተው የተለቀቁም እንደዚሁ አሉና እነርሱን መከታተል ነው ወደፊት እንደ,handwritten
10855,hand_4070_line_4.png,እንዲሁም በዩቲዩብ ላይ በቪዲዮ የተለቀቁና የሚለቀቁም ትምህርቶች መልዕክቶች ይኖራሉ,handwritten
9970,hand_4072_line_4.png,ውስጥ የቢሮና የጠመንጃ ከበርቴዎች እየበረከቱ ደሀው ተደፈጠጠ ፤ የወያኔ አገዛዝ የማርክስና,handwritten
9969,hand_4072_line_3.png,ሆላንድ ) ተደለደለ ፤ እንዲህ እንዲህ እያለ በወያኔ አገዛዝ በውጭ አገር ከበርቴዎችና በአገር,handwritten
9968,hand_4072_line_2.png,ተፈጠረ ፤ በገጠርም ለልዩ ሰዎችና ለስደተኞች፣ እንዲሁም ለውጭ አገር ባለሀብቶች (      ቻይና ፣ ህንድ ፣,handwritten
9971,hand_4072_line_5.png,የሌኒንን መፈክር አንግቦ ተነሣና ደሀ የጠላበት ደረጃ ላይ ደረሰ ፤ እንደሚስለኝ የተለመደው,handwritten
9970,hand_4072_line_4.png,ውስጥ የቢሮና የጠመንጃ ከበርቴዎች እየበረከቱ ደሀው ተደፈጠጠ ፤ የወያኔ አገዛዝ የማርክስና,handwritten
9969,hand_4072_line_3.png,ሆላንድ ) ተደለደለ ፤ እንዲህ እንዲህ እያለ በወያኔ አገዛዝ በውጭ አገር ከበርቴዎችና በአገር,handwritten
10134,hand_4074_line_6.png,ብቻ ሳይሆን በወዲያኛውም ሰፈር ተቀባይነት የማይስገኝለት ከንቱ ድካም ከመሆን የዘለለ,handwritten
10133,hand_4074_line_5.png,ለማናደድ ግለሰቡ የጨዋታውን መስመር አልፎ የፈጸመው የፖለቲካ ዝሙት ታረኩን የሚያቆሽሽ,handwritten
10132,hand_4074_line_4.png,ተቀባይነት አጥቶ በመገፋቱ በተለያዩ ድርጅት ውስጥ ያሉ ጓዶቹን ለማብሸቅና ዲያስፖራውን,handwritten
29975,hand_4075_line_6.png,ላይ ልትጠመጠም ስትገሰግስ የነበረች የአጋዚ ጥይት እራት የሆነች የወንድራድ ት / ቤት,handwritten
29974,hand_4075_line_5.png,አንድ ፍሬ ልጅ ያቺን ዛሬ ላይ ብትኖር ገና ዩኒቨርሲቲ ተማሪ የምትሆን ያቺን እናቷ ናፍቃት እናቷ,handwritten
29973,hand_4075_line_4.png,ደሳለኝ እንደሆነች ይገልፃሉ ነገር ግን እኔ እስካለኝ መረጃ ቅድሚያ ስትገደል በአይኔ ያየሁት ያቺን,handwritten
30989,hand_4077_line_6.png,ክፍለ ሀገር የተሣፈርን ፣ እና የመጨረሻዎቹ ፤ እንዲሁ ካሰብነው ስንቱ ነገር አልፎ ስንቱ ነገር,handwritten
30988,hand_4077_line_5.png,የበጠስን ፣ አራት ኪሎንና ልደታን በጥንት መልኳያየን ፣ በአንድ የክፍለ ሀገር አውቶብስ ተራ ሁሉንም,handwritten
30987,hand_4077_line_4.png,የተላክን ፣ ከኮሌጅ ወጥተን በመንግሥት ምደባ ሥራ የተቀጠርን ፣ ሳንከፍል በመንግሥት ገንዘብ ኮሌጅ,handwritten
31169,hand_4080_line_6.png,በመንፈስ ቅዱስ መጽናናት እየበዙ መሄድ ይሆንልናል ትምህርቱ የሚቀጥል ስለሆነ ለማንበብ እንዳይበዛ በዚሁ,handwritten
31168,hand_4080_line_5.png,ነበር ይለናልና ለእኛም እንደግለሰብ ብቻ ሳይሆን እነደ ቤተክርስቲያን በሰላም መኖር መታነጽ በእግዚአብሔር ፍርሃትና,handwritten
31167,hand_4080_line_4.png,አብያተ ክርስቲያናት በሰላም ኖሩ ታነጹም ፤ በእግዚአብሔርም ፍርሃትና በመንፈስ ቅዱስ መጽናናት እየሄዱ ይበዙ,handwritten
30547,hand_4178_line_7.png,እንዳትሆን እጠላሃለሁ የአምላክህንም ሕግ ረስተሃልና እኔ ደግሞ ልጆችሕን እረሳለሁ በማለት የሚናገረው ትንቢተ ሆሴዕ,handwritten
30546,hand_4178_line_6.png,ነገር ነው ለዚህም ነው በሆሴዕ መጽሐፍ ሕዝቤ እውቀት ከማጣቱ የተነሳ ጠፍቶአል አንተም እውቀትን ጠልተሃልና እኔ ካህን,handwritten
30545,hand_4178_line_5.png,አናደርግም የእግዚአብሔር ቃል የሚገለጥበትን ራእይ ለማግኘት ደግሞ በቅድሚያ የእግዚአብሔርን ቃል ማወቅ ዓይነተኛና ዋና,handwritten
11224,hand_4221_line_9.png,ዋና ሥራ አስኪያጅ ብጹዕ አቡነ ፊሊጶስ በኩል ሊሆን እንደሚችል ይገመታል በእውነት ጉዳዩ ተፈጽሞ,handwritten
11223,hand_4221_line_6.png,በኩል ከመንግሥት ለሚፈርሱት 18 ቤተክርስቲያኖች ካሣ ተጠይቆ እንደሆነ ሊሆን የሚችለው በሁለት,handwritten
11222,hand_4221_line_5.png,እርስ በእርሳቸው ለማጣላት የሚያደርገው ሴራ ሊሆን እንደሚችል ይገመታል ፤ ነገሩም በእውነት በቤተክህነቱ,handwritten
11225,hand_4221_line_10.png,ከሆን ከሁለቱ የቤተክህነቱ ጽ/ቤቶች በስተቀር በማንኛውም የቤተክህነቱ አካል ከመንግሥት,handwritten
11224,hand_4221_line_9.png,ዋና ሥራ አስኪያጅ ብጹዕ አቡነ ፊሊጶስ በኩል ሊሆን እንደሚችል ይገመታል በእውነት ጉዳዩ ተፈጽሞ,handwritten
11223,hand_4221_line_6.png,በኩል ከመንግሥት ለሚፈርሱት 18 ቤተክርስቲያኖች ካሣ ተጠይቆ እንደሆነ ሊሆን የሚችለው በሁለት,handwritten
