{
    "TYPED": {
        "lev": 478.74650910991636,
        "cer": 5.1904014817492214,
        "wer": 12.004304406597631,
        "charf1": 0.15400823945878717,
        "wordf1": 0.0016460763224191808
    },
    "HANDWRITTEN": {
        "lev": 412.41052631578947,
        "cer": 6.91485102115168,
        "wer": 13.129974113237425,
        "charf1": 0.15531971055061153,
        "wordf1": 0.005622850331959669
    },
    "SYNTHETIC": {
        "lev": 479.1326571637427,
        "cer": 7.120504624432845,
        "wer": 12.02504838846607,
        "charf1": 0.09755598674346937,
        "wordf1": 0.001133370620567897
    },
    "HDD": {
        "lev": 496.3423944778111,
        "cer": 32.95412562540922,
        "wer": 218.47267580080077,
        "charf1": 0.01025802890743214,
        "wordf1": 0.0
    }
}