{
    "TYPED": {
        "lev": 482.0364770011947,
        "cer": 0.9826777558400622,
        "wer": 1.0,
        "charf1": 0.3032951590343948,
        "wordf1": 0.0
    },
    "HANDWRITTEN": {
        "lev": 493.29309210526316,
        "cer": 0.9788393649291521,
        "wer": 1.0,
        "charf1": 0.28693534160903233,
        "wordf1": 0.0
    },
    "SYNTHETIC": {
        "lev": 496.2802997076023,
        "cer": 0.9802741653220923,
        "wer": 1.0,
        "charf1": 0.18917534878203657,
        "wordf1": 0.0
    },
    "HDD": {
        "lev": 511.9376564064064,
        "cer": 0.972169119466746,
        "wer": 1.0,
        "charf1": 0.0031601459524338853,
        "wordf1": 0.0
    }
}