{
    "HANDWRITTEN": {
        "lev": 109.97055921052632,
        "cer": 1.8691341000251436,
        "wer": 1.237402550616037,
        "charf1": 0.05449355511310792,
        "wordf1": 0.00012332856288448392
    },
    "SYNTHETIC": {
        "lev": 233.73782894736843,
        "cer": 3.123415728259335,
        "wer": 1.3562934391586172,
        "charf1": 0.05894346612222694,
        "wordf1": 0.02590082643344366
    }
}