{
    "TYPED": {
        "lev": 88.67362977897253,
        "cer": 0.906750993993592,
        "wer": 1.3743437251117607,
        "charf1": 0.193400722032273,
        "wordf1": 0.025388589943505787
    },
    "HANDWRITTEN": {
        "lev": 430.9347039473684,
        "cer": 6.98416349221573,
        "wer": 15.321390667496557,
        "charf1": 0.1301455782181275,
        "wordf1": 0.003348492723855146
    },
    "SYNTHETIC": {
        "lev": 364.4769005847953,
        "cer": 4.42305206877735,
        "wer": 5.2217464344361195,
        "charf1": 0.08213529634053401,
        "wordf1": 0.0002777929327317262
    },
    "HDD": {
        "lev": 211.35470887554223,
        "cer": 12.148699347647343,
        "wer": 59.373780030030034,
        "charf1": 0.009524323617670458,
        "wordf1": 0.0
    }
}