{
    "TYPED": {
        "lev": 477.7563097371565,
        "cer": 5.187250101488655,
        "wer": 1.472178526357617,
        "charf1": 0.008149994387581261,
        "wordf1": 0.0
    },
    "HANDWRITTEN": {
        "lev": 390.2501644736842,
        "cer": 6.501546530634962,
        "wer": 6.012964876973305,
        "charf1": 0.04377053672388942,
        "wordf1": 0.0005406731275271991
    },
    "SYNTHETIC": {
        "lev": 473.26644736842104,
        "cer": 6.862408446602152,
        "wer": 4.433810652547668,
        "charf1": 0.01653648415462815,
        "wordf1": 0.0
    },
    "HDD": {
        "lev": 40.299919711378045,
        "cer": 2.475177787991343,
        "wer": 1.6099745578912246,
        "charf1": 0.548546637719474,
        "wordf1": 0.013117283950617283
    }
}